-- phpMyAdmin SQL Dump
-- version 4.6.6deb5
-- https://www.phpmyadmin.net/
--
-- Host: localhost:3306
-- Generation Time: Apr 13, 2020 at 11:15 PM
-- Server version: 5.7.29-0ubuntu0.18.04.1
-- PHP Version: 7.2.27-6+ubuntu18.04.1+deb.sury.org+1

SET SQL_MODE = "NO_AUTO_VALUE_ON_ZERO";
SET time_zone = "+00:00";


/*!40101 SET @OLD_CHARACTER_SET_CLIENT=@@CHARACTER_SET_CLIENT */;
/*!40101 SET @OLD_CHARACTER_SET_RESULTS=@@CHARACTER_SET_RESULTS */;
/*!40101 SET @OLD_COLLATION_CONNECTION=@@COLLATION_CONNECTION */;
/*!40101 SET NAMES utf8mb4 */;

--
-- Database: `chapter`
--

-- --------------------------------------------------------

--
-- Table structure for table `abilities`
--

CREATE TABLE `abilities` (
  `id` bigint(20) UNSIGNED NOT NULL,
  `name` varchar(255) COLLATE utf8mb4_unicode_ci NOT NULL,
  `title` varchar(255) COLLATE utf8mb4_unicode_ci DEFAULT NULL,
  `entity_id` bigint(20) UNSIGNED DEFAULT NULL,
  `entity_type` varchar(255) COLLATE utf8mb4_unicode_ci DEFAULT NULL,
  `only_owned` tinyint(1) NOT NULL DEFAULT '0',
  `options` json DEFAULT NULL,
  `scope` int(11) DEFAULT NULL,
  `created_at` timestamp NULL DEFAULT NULL,
  `updated_at` timestamp NULL DEFAULT NULL
) ENGINE=InnoDB DEFAULT CHARSET=utf8mb4 COLLATE=utf8mb4_unicode_ci;

--
-- Dumping data for table `abilities`
--

INSERT INTO `abilities` (`id`, `name`, `title`, `entity_id`, `entity_type`, `only_owned`, `options`, `scope`, `created_at`, `updated_at`) VALUES
(1, 'customers', 'Customers', NULL, NULL, 0, NULL, NULL, '2020-04-13 05:17:01', '2020-04-13 05:17:01'),
(2, 'users', 'Users', NULL, NULL, 0, NULL, NULL, '2020-04-13 05:29:24', '2020-04-13 05:29:24'),
(3, 'products', 'Products', NULL, NULL, 0, NULL, NULL, '2020-04-13 05:29:24', '2020-04-13 05:29:24'),
(4, 'orders', 'Orders', NULL, NULL, 0, NULL, NULL, '2020-04-13 05:29:24', '2020-04-13 05:29:24');

-- --------------------------------------------------------

--
-- Table structure for table `activity_log`
--

CREATE TABLE `activity_log` (
  `id` bigint(20) UNSIGNED NOT NULL,
  `log_name` varchar(255) COLLATE utf8mb4_unicode_ci DEFAULT NULL,
  `description` text COLLATE utf8mb4_unicode_ci NOT NULL,
  `subject_id` bigint(20) UNSIGNED DEFAULT NULL,
  `subject_type` varchar(255) COLLATE utf8mb4_unicode_ci DEFAULT NULL,
  `causer_id` bigint(20) UNSIGNED DEFAULT NULL,
  `causer_type` varchar(255) COLLATE utf8mb4_unicode_ci DEFAULT NULL,
  `properties` json DEFAULT NULL,
  `created_at` timestamp NULL DEFAULT NULL,
  `updated_at` timestamp NULL DEFAULT NULL
) ENGINE=InnoDB DEFAULT CHARSET=utf8mb4 COLLATE=utf8mb4_unicode_ci;

--
-- Dumping data for table `activity_log`
--

INSERT INTO `activity_log` (`id`, `log_name`, `description`, `subject_id`, `subject_type`, `causer_id`, `causer_type`, `properties`, `created_at`, `updated_at`) VALUES
(1, 'default', 'Shop Manager accessed home page', NULL, NULL, 3, 'App\\User', '[]', '2020-04-13 05:42:16', '2020-04-13 05:42:16'),
(2, 'default', 'Administrator processed the order 105', NULL, NULL, 1, 'App\\User', '[]', '2020-04-13 12:12:48', '2020-04-13 12:12:48'),
(3, 'default', 'Administrator processed the order 106', NULL, NULL, 1, 'App\\User', '[]', '2020-04-13 12:13:54', '2020-04-13 12:13:54'),
(4, 'default', 'Administrator processed the order 105', NULL, NULL, 1, 'App\\User', '[]', '2020-04-13 12:14:30', '2020-04-13 12:14:30');

-- --------------------------------------------------------

--
-- Table structure for table `assigned_roles`
--

CREATE TABLE `assigned_roles` (
  `id` bigint(20) UNSIGNED NOT NULL,
  `role_id` bigint(20) UNSIGNED NOT NULL,
  `entity_id` bigint(20) UNSIGNED NOT NULL,
  `entity_type` varchar(255) COLLATE utf8mb4_unicode_ci NOT NULL,
  `restricted_to_id` bigint(20) UNSIGNED DEFAULT NULL,
  `restricted_to_type` varchar(255) COLLATE utf8mb4_unicode_ci DEFAULT NULL,
  `scope` int(11) DEFAULT NULL
) ENGINE=InnoDB DEFAULT CHARSET=utf8mb4 COLLATE=utf8mb4_unicode_ci;

--
-- Dumping data for table `assigned_roles`
--

INSERT INTO `assigned_roles` (`id`, `role_id`, `entity_id`, `entity_type`, `restricted_to_id`, `restricted_to_type`, `scope`) VALUES
(1, 1, 1, 'App\\User', NULL, NULL, NULL),
(2, 2, 3, 'App\\User', NULL, NULL, NULL),
(3, 3, 2, 'App\\User', NULL, NULL, NULL);

-- --------------------------------------------------------

--
-- Table structure for table `customers`
--

CREATE TABLE `customers` (
  `id` bigint(20) UNSIGNED NOT NULL,
  `name` varchar(100) COLLATE utf8mb4_unicode_ci NOT NULL,
  `email` varchar(100) COLLATE utf8mb4_unicode_ci NOT NULL,
  `created_at` timestamp NULL DEFAULT NULL,
  `updated_at` timestamp NULL DEFAULT NULL
) ENGINE=InnoDB DEFAULT CHARSET=utf8mb4 COLLATE=utf8mb4_unicode_ci;

--
-- Dumping data for table `customers`
--

INSERT INTO `customers` (`id`, `name`, `email`, `created_at`, `updated_at`) VALUES
(202, 'Cedrick Leuschke', 'hsipes@example.com', '2020-04-13 02:33:52', '2020-04-13 02:33:52'),
(203, 'Joany Keeling', 'tomasa55@example.net', '2020-04-13 02:33:52', '2020-04-13 02:33:52'),
(204, 'Dr. Conrad Runolfsson', 'haleigh53@example.com', '2020-04-13 02:33:52', '2020-04-13 02:33:52'),
(205, 'Jazlyn Deckow', 'borer.daryl@example.org', '2020-04-13 02:33:52', '2020-04-13 02:33:52'),
(206, 'Wilmer Stroman', 'durgan.jeromy@example.org', '2020-04-13 02:33:52', '2020-04-13 02:33:52'),
(207, 'Mr. Johann Lind DDS', 'bartholome47@example.com', '2020-04-13 02:33:52', '2020-04-13 02:33:52'),
(208, 'Ayla Dicki', 'kuphal.jalon@example.net', '2020-04-13 02:33:52', '2020-04-13 02:33:52'),
(209, 'Alison Tremblay PhD', 'vlittle@example.org', '2020-04-13 02:33:52', '2020-04-13 02:33:52'),
(210, 'Ms. Christina Beahan I', 'isac.adams@example.org', '2020-04-13 02:33:52', '2020-04-13 02:33:52'),
(211, 'Leslie Cummings', 'elindgren@example.com', '2020-04-13 02:33:52', '2020-04-13 02:33:52'),
(212, 'Jerrold Dibbert', 'elisha29@example.com', '2020-04-13 02:33:52', '2020-04-13 02:33:52'),
(213, 'Marianne Lakin', 'rasheed.borer@example.org', '2020-04-13 02:33:52', '2020-04-13 02:33:52'),
(214, 'Curtis Haag', 'glover.lawson@example.com', '2020-04-13 02:33:52', '2020-04-13 02:33:52'),
(215, 'Prof. Chase Goodwin IV', 'okon.freddie@example.com', '2020-04-13 02:33:52', '2020-04-13 02:33:52'),
(216, 'Jeramie Kutch PhD', 'sylvester13@example.net', '2020-04-13 02:33:52', '2020-04-13 02:33:52'),
(217, 'Gerhard Schroeder', 'elwyn.zemlak@example.com', '2020-04-13 02:33:53', '2020-04-13 02:33:53'),
(218, 'Dr. Marco Pouros', 'marlee.mcglynn@example.org', '2020-04-13 02:33:53', '2020-04-13 02:33:53'),
(219, 'Randall DuBuque', 'tom29@example.net', '2020-04-13 02:33:53', '2020-04-13 02:33:53'),
(220, 'Josh Swaniawski', 'hwehner@example.org', '2020-04-13 02:33:53', '2020-04-13 02:33:53'),
(221, 'Korey Schmitt MD', 'meda91@example.org', '2020-04-13 02:33:53', '2020-04-13 02:33:53'),
(222, 'Ludwig Marquardt', 'zhahn@example.net', '2020-04-13 02:33:53', '2020-04-13 02:33:53'),
(223, 'Jermey Hermann', 'monserrat.pouros@example.net', '2020-04-13 02:33:53', '2020-04-13 02:33:53'),
(224, 'German Monahan', 'wintheiser.cleveland@example.net', '2020-04-13 02:33:53', '2020-04-13 02:33:53'),
(225, 'Ora Lind', 'mryan@example.net', '2020-04-13 02:33:53', '2020-04-13 02:33:53'),
(226, 'Ford Heaney', 'kuphal.royce@example.org', '2020-04-13 02:33:53', '2020-04-13 02:33:53'),
(227, 'Jaylen Murazik I', 'elvie.kihn@example.org', '2020-04-13 02:33:53', '2020-04-13 02:33:53'),
(228, 'Rowena Ratke', 'adolph.becker@example.com', '2020-04-13 02:33:53', '2020-04-13 02:33:53'),
(229, 'Rowan Kihn', 'ellsworth.schoen@example.org', '2020-04-13 02:33:53', '2020-04-13 02:33:53'),
(230, 'Allie Mann', 'mayer.roxanne@example.org', '2020-04-13 02:33:53', '2020-04-13 02:33:53'),
(231, 'Stefan Botsford', 'gibson.madonna@example.com', '2020-04-13 02:33:53', '2020-04-13 02:33:53'),
(232, 'Moriah Goodwin', 'syble.kiehn@example.org', '2020-04-13 02:33:53', '2020-04-13 02:33:53'),
(233, 'Dr. Osvaldo Gleichner DDS', 'cali80@example.net', '2020-04-13 02:33:53', '2020-04-13 02:33:53'),
(234, 'Cristina Rodriguez', 'schinner.bradley@example.org', '2020-04-13 02:33:53', '2020-04-13 02:33:53'),
(235, 'Aileen Windler', 'destin.franecki@example.org', '2020-04-13 02:33:53', '2020-04-13 02:33:53'),
(236, 'Prof. Kenny Volkman Jr.', 'nwalter@example.net', '2020-04-13 02:33:53', '2020-04-13 02:33:53'),
(237, 'Abner Cruickshank', 'lshields@example.net', '2020-04-13 02:33:53', '2020-04-13 02:33:53'),
(238, 'Rubie Pouros DDS', 'tina.krajcik@example.net', '2020-04-13 02:33:53', '2020-04-13 02:33:53'),
(239, 'Dianna Swaniawski', 'wolff.alexandra@example.org', '2020-04-13 02:33:53', '2020-04-13 02:33:53'),
(240, 'Miss Aida Lebsack MD', 'dawn05@example.org', '2020-04-13 02:33:53', '2020-04-13 02:33:53'),
(241, 'Therese Klocko', 'griffin.cormier@example.org', '2020-04-13 02:33:53', '2020-04-13 02:33:53'),
(242, 'Mr. Godfrey Wintheiser Jr.', 'erdman.lori@example.org', '2020-04-13 02:33:53', '2020-04-13 02:33:53'),
(243, 'Felipe Bernhard', 'durgan.jessy@example.com', '2020-04-13 02:33:54', '2020-04-13 02:33:54'),
(244, 'Prof. Olin Heller Sr.', 'aweimann@example.net', '2020-04-13 02:33:54', '2020-04-13 02:33:54'),
(245, 'Garnet Bosco', 'glockman@example.org', '2020-04-13 02:33:54', '2020-04-13 02:33:54'),
(246, 'Florida Glover', 'joel12@example.com', '2020-04-13 02:33:54', '2020-04-13 02:33:54'),
(247, 'Alisha Parisian Sr.', 'hilbert69@example.org', '2020-04-13 02:33:54', '2020-04-13 02:33:54'),
(248, 'Anjali Jenkins', 'ytremblay@example.org', '2020-04-13 02:33:54', '2020-04-13 02:33:54'),
(249, 'Kaylin Kirlin I', 'udickinson@example.org', '2020-04-13 02:33:54', '2020-04-13 02:33:54'),
(250, 'Ms. Santina Corkery', 'warren.cole@example.net', '2020-04-13 02:33:54', '2020-04-13 02:33:54'),
(251, 'Gus Goodwin', 'ureinger@example.net', '2020-04-13 02:33:54', '2020-04-13 02:33:54'),
(252, 'Aiden Weissnat', 'wprice@example.com', '2020-04-13 02:33:54', '2020-04-13 02:33:54'),
(253, 'Mr. Shayne Wisoky', 'adrain.metz@example.org', '2020-04-13 02:33:54', '2020-04-13 02:33:54'),
(254, 'Jerod Ortiz', 'clotilde05@example.net', '2020-04-13 02:33:54', '2020-04-13 02:33:54'),
(255, 'Isobel Turner', 'koberbrunner@example.com', '2020-04-13 02:33:54', '2020-04-13 02:33:54'),
(256, 'Monte Kuvalis', 'monte.macejkovic@example.org', '2020-04-13 02:33:54', '2020-04-13 02:33:54'),
(257, 'Florine Bode', 'bridget54@example.net', '2020-04-13 02:33:54', '2020-04-13 02:33:54'),
(258, 'Stephon Cormier', 'valentine.sanford@example.com', '2020-04-13 02:33:54', '2020-04-13 02:33:54'),
(259, 'Prof. Justyn Hagenes Jr.', 'frami.abe@example.com', '2020-04-13 02:33:54', '2020-04-13 02:33:54'),
(260, 'Mr. Demarco Jerde I', 'jaqueline90@example.com', '2020-04-13 02:33:54', '2020-04-13 02:33:54'),
(261, 'Estrella Lockman', 'hand.florence@example.net', '2020-04-13 02:33:54', '2020-04-13 02:33:54'),
(262, 'Irving Klein', 'murazik.sven@example.org', '2020-04-13 02:33:54', '2020-04-13 02:33:54'),
(263, 'Mrs. Alize Waters III', 'gregory55@example.org', '2020-04-13 02:33:54', '2020-04-13 02:33:54'),
(264, 'Mikel Larson', 'runolfsdottir.judah@example.net', '2020-04-13 02:33:54', '2020-04-13 02:33:54'),
(265, 'Dr. Lisandro Greenfelder V', 'eliezer26@example.com', '2020-04-13 02:33:55', '2020-04-13 02:33:55'),
(266, 'Ms. Libby Sawayn III', 'tavares.vandervort@example.org', '2020-04-13 02:33:55', '2020-04-13 02:33:55'),
(267, 'Ms. Erica Gleichner', 'hschmidt@example.org', '2020-04-13 02:33:55', '2020-04-13 02:33:55'),
(268, 'Tevin Klocko', 'jaylin76@example.net', '2020-04-13 02:33:55', '2020-04-13 02:33:55'),
(269, 'Dr. Tara Kulas', 'bailey81@example.net', '2020-04-13 02:33:55', '2020-04-13 02:33:55'),
(270, 'Mohamed Turner III', 'robyn.trantow@example.com', '2020-04-13 02:33:55', '2020-04-13 02:33:55'),
(271, 'Miss Rachael Fay', 'drake.stamm@example.org', '2020-04-13 02:33:55', '2020-04-13 02:33:55'),
(272, 'Antwan Beahan', 'altenwerth.michel@example.net', '2020-04-13 02:33:55', '2020-04-13 02:33:55'),
(273, 'Avis Beahan', 'lily69@example.com', '2020-04-13 02:33:55', '2020-04-13 02:33:55'),
(274, 'Miss Bettye Hagenes', 'colten52@example.org', '2020-04-13 02:33:55', '2020-04-13 02:33:55'),
(275, 'Frederick Nikolaus II', 'felicity89@example.com', '2020-04-13 02:33:55', '2020-04-13 02:33:55'),
(276, 'Mrs. Kaylin Quigley Sr.', 'frederique.schoen@example.org', '2020-04-13 02:33:55', '2020-04-13 02:33:55'),
(277, 'Jerome Herman', 'kohler.kayley@example.org', '2020-04-13 02:33:55', '2020-04-13 02:33:55'),
(278, 'Fletcher Rippin', 'makenzie.marks@example.org', '2020-04-13 02:33:55', '2020-04-13 02:33:55'),
(279, 'Miss Rita Braun', 'hlindgren@example.org', '2020-04-13 02:33:55', '2020-04-13 02:33:55'),
(280, 'Oran Feeney', 'wade.gusikowski@example.com', '2020-04-13 02:33:55', '2020-04-13 02:33:55'),
(281, 'Justus Wiegand', 'tia.treutel@example.com', '2020-04-13 02:33:55', '2020-04-13 02:33:55'),
(282, 'Hadley Padberg', 'ella.torphy@example.net', '2020-04-13 02:33:55', '2020-04-13 02:33:55'),
(283, 'Mrs. Maia Barrows Jr.', 'blaze.jerde@example.net', '2020-04-13 02:33:56', '2020-04-13 02:33:56'),
(284, 'Prof. Ofelia Schimmel', 'shand@example.org', '2020-04-13 02:33:56', '2020-04-13 02:33:56'),
(285, 'Dr. Jeffrey Reinger II', 'tony49@example.org', '2020-04-13 02:33:56', '2020-04-13 02:33:56'),
(286, 'Krystina Schuster V', 'shaniya.cassin@example.org', '2020-04-13 02:33:56', '2020-04-13 02:33:56'),
(287, 'Estelle Turcotte III', 'satterfield.blanche@example.org', '2020-04-13 02:33:56', '2020-04-13 02:33:56'),
(288, 'Dr. Abbie Weissnat', 'dpouros@example.org', '2020-04-13 02:33:56', '2020-04-13 02:33:56'),
(289, 'Alvera Renner', 'reta.christiansen@example.net', '2020-04-13 02:33:56', '2020-04-13 02:33:56'),
(290, 'Miss Jessyca Russel', 'harry.cummings@example.net', '2020-04-13 02:33:56', '2020-04-13 02:33:56'),
(291, 'Prof. Kadin Schuppe', 'langworth.kelley@example.net', '2020-04-13 02:33:56', '2020-04-13 02:33:56'),
(292, 'Jedidiah Cronin', 'benedict90@example.org', '2020-04-13 02:33:56', '2020-04-13 02:33:56'),
(293, 'Chadd Mante', 'alene30@example.net', '2020-04-13 02:33:56', '2020-04-13 02:33:56'),
(294, 'Adonis Little', 'laney.padberg@example.net', '2020-04-13 02:33:56', '2020-04-13 02:33:56'),
(295, 'Prof. Princess Kuhn', 'cayla13@example.org', '2020-04-13 02:33:56', '2020-04-13 02:33:56'),
(296, 'Miss Hortense Legros', 'juana.strosin@example.com', '2020-04-13 02:33:56', '2020-04-13 02:33:56'),
(297, 'Jess Kovacek PhD', 'iokon@example.com', '2020-04-13 02:33:56', '2020-04-13 02:33:56'),
(298, 'Fay Schamberger', 'smith.eldridge@example.com', '2020-04-13 02:33:56', '2020-04-13 02:33:56'),
(299, 'Ryan Nikolaus', 'citlalli64@example.net', '2020-04-13 02:33:56', '2020-04-13 02:33:56'),
(300, 'Robin Boyer', 'xraynor@example.com', '2020-04-13 02:33:56', '2020-04-13 02:33:56'),
(301, 'Prof. Presley Fisher DVM', 'hulda.kunze@example.org', '2020-04-13 02:33:57', '2020-04-13 02:33:57'),
(302, 'Romaine Halvorson', 'christelle.nicolas@example.com', '2020-04-13 02:33:57', '2020-04-13 02:33:57'),
(303, 'Mason Nolan', 'fay.odessa@example.com', '2020-04-13 02:33:57', '2020-04-13 02:33:57'),
(304, 'Madeline Gislason', 'schinner.cedrick@example.org', '2020-04-13 02:33:57', '2020-04-13 02:33:57'),
(305, 'Lucio Jones IV', 'melisa.veum@example.org', '2020-04-13 02:33:57', '2020-04-13 02:33:57'),
(306, 'Deron Tremblay', 'bridgette91@example.org', '2020-04-13 02:33:57', '2020-04-13 02:33:57'),
(307, 'Ms. Cordie Blick I', 'qfadel@example.org', '2020-04-13 02:33:57', '2020-04-13 02:33:57'),
(308, 'Euna Parisian', 'bria.rempel@example.net', '2020-04-13 02:33:57', '2020-04-13 02:33:57'),
(309, 'Hipolito Cremin Jr.', 'langosh.elisabeth@example.net', '2020-04-13 02:33:57', '2020-04-13 02:33:57'),
(310, 'Dr. Elmore Dietrich', 'hklocko@example.org', '2020-04-13 02:33:57', '2020-04-13 02:33:57'),
(311, 'Triston Breitenberg', 'cummerata.emory@example.org', '2020-04-13 02:33:57', '2020-04-13 02:33:57'),
(312, 'Miss Bonita Ryan', 'apurdy@example.net', '2020-04-13 02:33:57', '2020-04-13 02:33:57'),
(313, 'Kayli Waelchi II', 'tyrese68@example.org', '2020-04-13 02:33:57', '2020-04-13 02:33:57'),
(314, 'Justus Bashirian', 'dickens.enrique@example.com', '2020-04-13 02:33:57', '2020-04-13 02:33:57'),
(315, 'Sydnee Balistreri', 'carter.mcglynn@example.com', '2020-04-13 02:33:57', '2020-04-13 02:33:57'),
(316, 'Stacey Schamberger', 'kaley.damore@example.org', '2020-04-13 02:33:57', '2020-04-13 02:33:57'),
(317, 'Jackson Carroll', 'montana.schowalter@example.net', '2020-04-13 02:33:57', '2020-04-13 02:33:57'),
(318, 'Reagan Johns', 'botsford.calista@example.net', '2020-04-13 02:33:57', '2020-04-13 02:33:57'),
(319, 'Bella Morar', 'bernier.eino@example.net', '2020-04-13 02:33:57', '2020-04-13 02:33:57'),
(320, 'Dr. Wilfredo Lakin III', 'bgorczany@example.net', '2020-04-13 02:33:58', '2020-04-13 02:33:58'),
(321, 'Kory Volkman DVM', 'nolan.cordie@example.org', '2020-04-13 02:33:58', '2020-04-13 02:33:58'),
(322, 'Peggie Purdy', 'estokes@example.net', '2020-04-13 02:33:58', '2020-04-13 02:33:58'),
(323, 'Wilbert Brekke', 'imuller@example.org', '2020-04-13 02:33:58', '2020-04-13 02:33:58'),
(324, 'Mr. Simeon Kozey', 'meaghan90@example.com', '2020-04-13 02:33:58', '2020-04-13 02:33:58'),
(325, 'Dr. Larue Donnelly', 'dlowe@example.net', '2020-04-13 02:33:58', '2020-04-13 02:33:58'),
(326, 'Ms. Mariah Lang', 'mpfannerstill@example.com', '2020-04-13 02:33:58', '2020-04-13 02:33:58'),
(327, 'Lesly Hirthe', 'hrobel@example.net', '2020-04-13 02:33:58', '2020-04-13 02:33:58'),
(328, 'Miss Alize Roberts', 'efadel@example.net', '2020-04-13 02:33:58', '2020-04-13 02:33:58'),
(329, 'Olga Schowalter', 'joel.oberbrunner@example.net', '2020-04-13 02:33:58', '2020-04-13 02:33:58'),
(330, 'Catalina Morissette', 'franz.rohan@example.com', '2020-04-13 02:33:59', '2020-04-13 02:33:59'),
(331, 'Mr. Godfrey Aufderhar V', 'jeremy.homenick@example.org', '2020-04-13 02:33:59', '2020-04-13 02:33:59'),
(332, 'Arch Emard Sr.', 'rosalyn.nitzsche@example.com', '2020-04-13 02:33:59', '2020-04-13 02:33:59'),
(333, 'Miss Eleanora Maggio DDS', 'adalberto.schimmel@example.org', '2020-04-13 02:33:59', '2020-04-13 02:33:59'),
(334, 'Mr. Xzavier Bruen Sr.', 'uleannon@example.org', '2020-04-13 02:33:59', '2020-04-13 02:33:59'),
(335, 'Lance Jakubowski IV', 'gislason.jordy@example.org', '2020-04-13 02:33:59', '2020-04-13 02:33:59'),
(336, 'Prof. Devante McDermott', 'pat05@example.com', '2020-04-13 02:33:59', '2020-04-13 02:33:59'),
(337, 'Buford Funk', 'udibbert@example.com', '2020-04-13 02:33:59', '2020-04-13 02:33:59'),
(338, 'Prof. Laura Zboncak V', 'walter.estella@example.org', '2020-04-13 02:33:59', '2020-04-13 02:33:59'),
(339, 'Deion Conn', 'wblock@example.com', '2020-04-13 02:33:59', '2020-04-13 02:33:59'),
(340, 'Prof. Carrie Mraz DVM', 'cgerlach@example.com', '2020-04-13 02:33:59', '2020-04-13 02:33:59'),
(341, 'Mitchell Muller', 'qeichmann@example.net', '2020-04-13 02:33:59', '2020-04-13 02:33:59'),
(342, 'Vernice Reynolds', 'schuster.damon@example.com', '2020-04-13 02:33:59', '2020-04-13 02:33:59'),
(343, 'Chaim Strosin IV', 'grimes.irma@example.org', '2020-04-13 02:33:59', '2020-04-13 02:33:59'),
(344, 'Dr. Amina DuBuque', 'elise.monahan@example.org', '2020-04-13 02:33:59', '2020-04-13 02:33:59'),
(345, 'Prof. Reanna Powlowski I', 'xpadberg@example.net', '2020-04-13 02:33:59', '2020-04-13 02:33:59'),
(346, 'Georgette Rodriguez V', 'ucarter@example.org', '2020-04-13 02:34:00', '2020-04-13 02:34:00'),
(347, 'Edythe Zemlak PhD', 'bettye99@example.com', '2020-04-13 02:34:00', '2020-04-13 02:34:00'),
(348, 'Elton Homenick Sr.', 'miles45@example.com', '2020-04-13 02:34:00', '2020-04-13 02:34:00'),
(349, 'Dr. Larry Nienow', 'edgardo43@example.org', '2020-04-13 02:34:00', '2020-04-13 02:34:00'),
(350, 'Prof. Maryjane Collins IV', 'danyka31@example.net', '2020-04-13 02:34:00', '2020-04-13 02:34:00'),
(351, 'Einar Greenholt', 'rpagac@example.org', '2020-04-13 02:34:00', '2020-04-13 02:34:00'),
(352, 'Coby Nolan', 'nicolas.isaiah@example.com', '2020-04-13 02:34:00', '2020-04-13 02:34:00'),
(353, 'Prof. Wilson Kihn', 'chesley.fahey@example.org', '2020-04-13 02:34:00', '2020-04-13 02:34:00'),
(354, 'Ms. Leann Gusikowski II', 'francisca47@example.org', '2020-04-13 02:34:00', '2020-04-13 02:34:00'),
(355, 'Margaretta Deckow', 'theresia94@example.com', '2020-04-13 02:34:00', '2020-04-13 02:34:00'),
(356, 'Wallace Gorczany V', 'kwolff@example.org', '2020-04-13 02:34:00', '2020-04-13 02:34:00'),
(357, 'Dylan Wunsch', 'imelda25@example.net', '2020-04-13 02:34:00', '2020-04-13 02:34:00'),
(358, 'Martin Oberbrunner', 'melisa57@example.org', '2020-04-13 02:34:01', '2020-04-13 02:34:01'),
(359, 'Keyon Kunze DDS', 'armstrong.tressa@example.com', '2020-04-13 02:34:01', '2020-04-13 02:34:01'),
(360, 'Mossie Welch', 'jordon14@example.org', '2020-04-13 02:34:01', '2020-04-13 02:34:01'),
(361, 'Nicolas Botsford', 'raul32@example.org', '2020-04-13 02:34:01', '2020-04-13 02:34:01'),
(362, 'Prof. Santos Kub II', 'jamal69@example.net', '2020-04-13 02:34:01', '2020-04-13 02:34:01'),
(363, 'Mr. Arvid Runte', 'king.brendan@example.com', '2020-04-13 02:34:01', '2020-04-13 02:34:01'),
(364, 'Janis Goldner', 'gschaden@example.net', '2020-04-13 02:34:01', '2020-04-13 02:34:01'),
(365, 'Jerad Jaskolski', 'cwilkinson@example.net', '2020-04-13 02:34:01', '2020-04-13 02:34:01'),
(366, 'Adrian Franecki IV', 'liam.graham@example.com', '2020-04-13 02:34:01', '2020-04-13 02:34:01'),
(367, 'Marguerite Bartoletti', 'zschaden@example.org', '2020-04-13 02:34:01', '2020-04-13 02:34:01'),
(368, 'Prof. Tobin Jenkins', 'mac65@example.net', '2020-04-13 02:34:01', '2020-04-13 02:34:01'),
(369, 'Filomena Langworth', 'price.cooper@example.org', '2020-04-13 02:34:01', '2020-04-13 02:34:01'),
(370, 'Dr. Devon Stiedemann', 'rcassin@example.net', '2020-04-13 02:34:01', '2020-04-13 02:34:01'),
(371, 'Betty McKenzie II', 'mhermiston@example.net', '2020-04-13 02:34:01', '2020-04-13 02:34:01'),
(372, 'Brandy Braun', 'quigley.fred@example.org', '2020-04-13 02:34:01', '2020-04-13 02:34:01'),
(373, 'Myrtis Upton', 'hertha90@example.org', '2020-04-13 02:34:01', '2020-04-13 02:34:01'),
(374, 'Ryann Hyatt', 'boyer.delmer@example.net', '2020-04-13 02:34:02', '2020-04-13 02:34:02'),
(375, 'Ms. Nedra Pouros Sr.', 'tfritsch@example.net', '2020-04-13 02:34:02', '2020-04-13 02:34:02'),
(376, 'Devan Tromp', 'klocko.coby@example.org', '2020-04-13 02:34:02', '2020-04-13 02:34:02'),
(377, 'Jeromy Stamm', 'gianni82@example.org', '2020-04-13 02:34:02', '2020-04-13 02:34:02'),
(378, 'Marcelle Nader IV', 'lfritsch@example.net', '2020-04-13 02:34:02', '2020-04-13 02:34:02'),
(379, 'Trinity Denesik', 'luettgen.jane@example.net', '2020-04-13 02:34:02', '2020-04-13 02:34:02'),
(380, 'Dr. Uriah Blanda Jr.', 'bryana.mayert@example.org', '2020-04-13 02:34:02', '2020-04-13 02:34:02'),
(381, 'Yesenia Runolfsdottir', 'marty.gibson@example.org', '2020-04-13 02:34:02', '2020-04-13 02:34:02'),
(382, 'Joy Ferry', 'kshlerin.paxton@example.org', '2020-04-13 02:34:02', '2020-04-13 02:34:02'),
(383, 'Prof. Francis Lynch', 'ykilback@example.net', '2020-04-13 02:34:02', '2020-04-13 02:34:02'),
(384, 'Jules O\'Conner', 'xoberbrunner@example.org', '2020-04-13 02:34:03', '2020-04-13 02:34:03'),
(385, 'Mrs. Kara Rogahn DDS', 'ben32@example.net', '2020-04-13 02:34:04', '2020-04-13 02:34:04'),
(386, 'Kelley Gorczany', 'gturcotte@example.com', '2020-04-13 02:34:04', '2020-04-13 02:34:04'),
(387, 'Julie Beahan', 'cartwright.maribel@example.org', '2020-04-13 02:34:04', '2020-04-13 02:34:04'),
(388, 'Prof. Benjamin Okuneva III', 'antonetta93@example.com', '2020-04-13 02:34:04', '2020-04-13 02:34:04'),
(389, 'Belle Wyman', 'volkman.audrey@example.net', '2020-04-13 02:34:04', '2020-04-13 02:34:04'),
(390, 'Blanche Vandervort', 'trace.rau@example.com', '2020-04-13 02:34:04', '2020-04-13 02:34:04'),
(391, 'Uriel Collins', 'laisha58@example.net', '2020-04-13 02:34:04', '2020-04-13 02:34:04'),
(392, 'Micah Feeney', 'elenor76@example.com', '2020-04-13 02:34:04', '2020-04-13 02:34:04'),
(393, 'Domenic Herzog', 'bechtelar.jacquelyn@example.org', '2020-04-13 02:34:04', '2020-04-13 02:34:04'),
(394, 'Casandra Adams', 'bergstrom.dimitri@example.org', '2020-04-13 02:34:04', '2020-04-13 02:34:04'),
(395, 'Keeley Marks I', 'lew09@example.com', '2020-04-13 02:34:05', '2020-04-13 02:34:05'),
(396, 'Ms. Dandre Becker III', 'marcelle.reilly@example.com', '2020-04-13 02:34:05', '2020-04-13 02:34:05'),
(397, 'Annetta Bartell', 'pkonopelski@example.net', '2020-04-13 02:34:05', '2020-04-13 02:34:05'),
(398, 'Miss Raegan Balistreri III', 'danielle02@example.org', '2020-04-13 02:34:05', '2020-04-13 02:34:05'),
(399, 'Diego McClure', 'zboncak.ocie@example.org', '2020-04-13 02:34:05', '2020-04-13 02:34:05'),
(400, 'Trystan Rempel', 'iheller@example.net', '2020-04-13 02:34:05', '2020-04-13 02:34:05'),
(401, 'Dr. Nasir Monahan', 'tavares.kuvalis@example.net', '2020-04-13 02:34:05', '2020-04-13 02:34:05');

-- --------------------------------------------------------

--
-- Table structure for table `failed_jobs`
--

CREATE TABLE `failed_jobs` (
  `id` bigint(20) UNSIGNED NOT NULL,
  `connection` text COLLATE utf8mb4_unicode_ci NOT NULL,
  `queue` text COLLATE utf8mb4_unicode_ci NOT NULL,
  `payload` longtext COLLATE utf8mb4_unicode_ci NOT NULL,
  `exception` longtext COLLATE utf8mb4_unicode_ci NOT NULL,
  `failed_at` timestamp NOT NULL DEFAULT CURRENT_TIMESTAMP
) ENGINE=InnoDB DEFAULT CHARSET=utf8mb4 COLLATE=utf8mb4_unicode_ci;

-- --------------------------------------------------------

--
-- Table structure for table `migrations`
--

CREATE TABLE `migrations` (
  `id` int(10) UNSIGNED NOT NULL,
  `migration` varchar(255) COLLATE utf8mb4_unicode_ci NOT NULL,
  `batch` int(11) NOT NULL
) ENGINE=InnoDB DEFAULT CHARSET=utf8mb4 COLLATE=utf8mb4_unicode_ci;

--
-- Dumping data for table `migrations`
--

INSERT INTO `migrations` (`id`, `migration`, `batch`) VALUES
(1, '2014_10_12_000000_create_users_table', 1),
(2, '2014_10_12_100000_create_password_resets_table', 1),
(3, '2019_08_19_000000_create_failed_jobs_table', 1),
(4, '2020_04_12_103149_create_customers_table', 1),
(5, '2020_04_12_104327_create_products_table', 1),
(6, '2020_04_12_104957_create_orders_table', 1),
(7, '2020_04_12_105426_create_order_items_table', 1),
(8, '2020_04_12_110518_create_bouncer_tables', 1),
(9, '2020_04_12_125919_create_activity_log_table', 2);

-- --------------------------------------------------------

--
-- Table structure for table `orders`
--

CREATE TABLE `orders` (
  `id` bigint(20) UNSIGNED NOT NULL,
  `customer_id` bigint(20) UNSIGNED NOT NULL,
  `invoice_number` varchar(20) COLLATE utf8mb4_unicode_ci NOT NULL,
  `total_amount` double(8,2) NOT NULL,
  `status` enum('new','processed') COLLATE utf8mb4_unicode_ci NOT NULL,
  `created_at` timestamp NULL DEFAULT NULL,
  `updated_at` timestamp NULL DEFAULT NULL
) ENGINE=InnoDB DEFAULT CHARSET=utf8mb4 COLLATE=utf8mb4_unicode_ci;

--
-- Dumping data for table `orders`
--

INSERT INTO `orders` (`id`, `customer_id`, `invoice_number`, `total_amount`, `status`, `created_at`, `updated_at`) VALUES
(1, 202, '62EFM3KTAJ', 2343.69, 'processed', '2020-04-13 03:27:49', '2020-04-13 04:15:45'),
(2, 202, 'KTOBISDW2Q', 11250.50, 'new', '2020-04-13 03:27:49', '2020-04-13 04:15:45'),
(3, 202, 'HSPKZU8NVA', 3872.88, 'processed', '2020-04-13 03:27:49', '2020-04-13 04:15:46'),
(4, 202, 'ZOTF8EJ1S4', 3213.48, 'new', '2020-04-13 03:27:50', '2020-04-13 04:15:46'),
(5, 203, 'GO6WJURTND', 1147.95, 'processed', '2020-04-13 03:27:50', '2020-04-13 04:15:46'),
(6, 203, '4NG9H62UJ5', 12425.98, 'processed', '2020-04-13 03:27:50', '2020-04-13 04:15:46'),
(7, 203, 'LQJ7H2TYRF', 3557.49, 'new', '2020-04-13 03:27:50', '2020-04-13 04:15:46'),
(8, 203, 'L4Y2D9MEGH', 866.19, 'new', '2020-04-13 03:27:50', '2020-04-13 04:15:46'),
(9, 203, 'XV0HKPM6SC', 3592.04, 'new', '2020-04-13 03:27:50', '2020-04-13 04:15:47'),
(10, 204, 'TEYU3M8HBR', 2008.14, 'processed', '2020-04-13 03:27:50', '2020-04-13 04:15:47'),
(11, 204, 'HB3QP6LIYU', 2309.39, 'new', '2020-04-13 03:27:50', '2020-04-13 04:15:47'),
(12, 204, 'MF314QEBDH', 2183.25, 'processed', '2020-04-13 03:27:50', '2020-04-13 04:15:47'),
(13, 204, '1HASC8GXBL', 648.00, 'processed', '2020-04-13 03:27:50', '2020-04-13 04:15:47'),
(14, 205, 'WT1G6H0FZL', 3929.10, 'new', '2020-04-13 03:27:50', '2020-04-13 04:15:47'),
(15, 205, '6Q1VP985AU', 7795.71, 'processed', '2020-04-13 03:27:50', '2020-04-13 04:15:47'),
(16, 205, 'F68XIBTCG1', 932.02, 'processed', '2020-04-13 03:27:50', '2020-04-13 04:15:48'),
(17, 206, 'PI3D15OZHR', 3498.82, 'new', '2020-04-13 03:27:50', '2020-04-13 04:15:48'),
(18, 206, '9P31G2S5ZE', 2420.60, 'processed', '2020-04-13 03:27:50', '2020-04-13 04:15:48'),
(19, 206, '7SHJXI428C', 4660.10, 'processed', '2020-04-13 03:27:50', '2020-04-13 04:15:48'),
(20, 206, '9OJW7MX5UF', 7089.60, 'new', '2020-04-13 03:27:50', '2020-04-13 04:15:48'),
(21, 206, '61NFXHGMB4', 3103.85, 'new', '2020-04-13 03:27:50', '2020-04-13 04:15:48'),
(22, 207, 'Q0XZFGKDSE', 1944.00, 'new', '2020-04-13 03:27:50', '2020-04-13 04:15:48'),
(23, 207, 'RZL87ESB2C', 8484.14, 'processed', '2020-04-13 03:27:50', '2020-04-13 04:15:48'),
(24, 207, '4HUEXSP0FG', 3531.96, 'processed', '2020-04-13 03:27:50', '2020-04-13 04:15:48'),
(25, 207, 'NT7CFIOAY5', 2711.45, 'processed', '2020-04-13 03:27:50', '2020-04-13 04:15:48'),
(26, 207, 'KR96UM47S8', 2361.09, 'new', '2020-04-13 03:27:50', '2020-04-13 04:15:48'),
(27, 208, '0JXKGQHVY5', 2835.84, 'processed', '2020-04-13 03:27:50', '2020-04-13 04:15:49'),
(28, 208, 'IAN6SHER0U', 1802.90, 'processed', '2020-04-13 03:27:50', '2020-04-13 04:15:49'),
(29, 208, 'BILRSQXMH0', 2884.38, 'new', '2020-04-13 03:27:50', '2020-04-13 04:15:49'),
(30, 208, 'JLY39ZB1HQ', 4414.95, 'new', '2020-04-13 03:27:50', '2020-04-13 04:15:49'),
(31, 209, 'Y7R5N410HK', 5949.94, 'new', '2020-04-13 03:27:50', '2020-04-13 04:15:49'),
(32, 209, 'CIAJM715LS', 3736.26, 'new', '2020-04-13 03:27:51', '2020-04-13 04:15:49'),
(33, 209, '4QBA0D2COW', 3468.78, 'processed', '2020-04-13 03:27:51', '2020-04-13 04:15:49'),
(34, 210, 'U1NEH4KQLO', 5927.97, 'new', '2020-04-13 03:27:51', '2020-04-13 04:15:49'),
(35, 210, 'IP59JV3QH2', 6871.57, 'new', '2020-04-13 03:27:51', '2020-04-13 04:15:49'),
(36, 210, '05F84JAR3Y', 7239.63, 'new', '2020-04-13 03:27:51', '2020-04-13 04:15:50'),
(37, 210, 'LR6KZSIB4U', 9703.54, 'new', '2020-04-13 03:27:51', '2020-04-13 04:15:50'),
(38, 210, 'SWDZKNQ7E3', 6323.40, 'new', '2020-04-13 03:27:51', '2020-04-13 04:15:50'),
(39, 211, '7EAQGO3FCU', 2436.11, 'new', '2020-04-13 03:27:51', '2020-04-13 04:15:50'),
(40, 211, 'ERNZ5V8BMG', 5425.39, 'processed', '2020-04-13 03:27:51', '2020-04-13 04:15:51'),
(41, 211, 'R86H1KFIMZ', 3170.06, 'processed', '2020-04-13 03:27:51', '2020-04-13 04:15:51'),
(42, 212, 'HKQIBT7XCR', 8234.75, 'new', '2020-04-13 03:27:51', '2020-04-13 04:15:51'),
(43, 212, 'OE6THX7NCM', 6078.02, 'new', '2020-04-13 03:27:51', '2020-04-13 04:15:51'),
(44, 213, '6SO45EKXMH', 4669.44, 'processed', '2020-04-13 03:27:51', '2020-04-13 04:15:52'),
(45, 214, 'STLIWXGRJC', 6929.52, 'processed', '2020-04-13 03:27:51', '2020-04-13 04:15:52'),
(46, 214, 'Y874GWCDV6', 2596.68, 'processed', '2020-04-13 03:27:51', '2020-04-13 04:15:52'),
(47, 215, 'IK84PANXTS', 2183.25, 'new', '2020-04-13 03:27:51', '2020-04-13 04:15:52'),
(48, 216, 'GM3EJU5KVQ', 10626.84, 'processed', '2020-04-13 03:27:51', '2020-04-13 04:15:52'),
(49, 216, 'WI2V0SPA1L', 1417.92, 'new', '2020-04-13 03:27:51', '2020-04-13 04:15:53'),
(50, 217, 'FDUNQJ2GA4', 10478.26, 'new', '2020-04-13 03:27:51', '2020-04-13 04:15:54'),
(51, 217, '1MYLWQ59V3', 7597.22, 'new', '2020-04-13 03:27:51', '2020-04-13 04:15:54'),
(52, 217, 'QN15LB0ES7', 5094.25, 'processed', '2020-04-13 03:27:52', '2020-04-13 04:15:54'),
(53, 217, 'CQRMGPOHJT', 520.82, 'new', '2020-04-13 03:27:52', '2020-04-13 04:15:54'),
(54, 218, 'R3EUP4N2XL', 4903.35, 'processed', '2020-04-13 03:27:52', '2020-04-13 04:15:54'),
(55, 219, 'WD87P29G3N', 1830.96, 'processed', '2020-04-13 03:27:52', '2020-04-13 04:15:54'),
(56, 219, 'WDF6PU8O5Q', 6929.52, 'new', '2020-04-13 03:27:52', '2020-04-13 04:15:54'),
(57, 219, '7EFXWK0ROM', 1328.94, 'new', '2020-04-13 03:27:52', '2020-04-13 04:15:54'),
(58, 220, 'F9GJVUAT7C', 2034.40, 'new', '2020-04-13 03:27:52', '2020-04-13 04:15:54'),
(59, 221, 'LXHRGI4B92', 6567.47, 'processed', '2020-04-13 03:27:52', '2020-04-13 04:15:55'),
(60, 221, 'XUJ1T0WCZN', 5892.73, 'processed', '2020-04-13 03:27:52', '2020-04-13 04:15:55'),
(61, 221, '20DUF1JR4N', 2330.05, 'processed', '2020-04-13 03:27:52', '2020-04-13 04:15:55'),
(62, 221, 'IM4XBOQU8H', 6929.52, 'new', '2020-04-13 03:27:52', '2020-04-13 04:15:55'),
(63, 221, 'RSKPDAHLNI', 9684.48, 'processed', '2020-04-13 03:27:52', '2020-04-13 04:15:55'),
(64, 222, 'HM46O0PLSD', 2083.28, 'new', '2020-04-13 03:27:52', '2020-04-13 04:15:55'),
(65, 222, 'KNL6GC70SZ', 4764.29, 'processed', '2020-04-13 03:27:52', '2020-04-13 04:15:55'),
(66, 222, 'KGDLBZXR35', 4366.50, 'processed', '2020-04-13 03:27:52', '2020-04-13 04:15:55'),
(67, 222, 'O5K8EGPLMX', 2639.01, 'processed', '2020-04-13 03:27:52', '2020-04-13 04:15:55'),
(68, 222, '89ZNM6CIYD', 7380.03, 'new', '2020-04-13 03:27:53', '2020-04-13 04:15:56'),
(69, 223, 'T5E87C361N', 6063.33, 'new', '2020-04-13 03:27:53', '2020-04-13 04:15:56'),
(70, 223, 'DVLXQ57Y2H', 5769.47, 'processed', '2020-04-13 03:27:53', '2020-04-13 04:15:56'),
(71, 223, '5ADTGS1X8B', 1451.32, 'new', '2020-04-13 03:27:53', '2020-04-13 04:15:56'),
(72, 224, 'X62G4NCRFH', 6851.91, 'new', '2020-04-13 03:27:53', '2020-04-13 04:15:56'),
(73, 225, '46HP9Y2JWR', 5586.93, 'processed', '2020-04-13 03:27:53', '2020-04-13 04:15:57'),
(74, 225, '7SCBRLTG8M', 6084.72, 'processed', '2020-04-13 03:27:53', '2020-04-13 04:15:57'),
(75, 225, 'IEFVWX8G7Z', 7946.91, 'processed', '2020-04-13 03:27:53', '2020-04-13 04:15:57'),
(76, 226, 'YHNX1LQ8FZ', 2360.88, 'processed', '2020-04-13 03:27:53', '2020-04-13 04:15:57'),
(77, 226, 'EQ02CYAWHS', 3454.41, 'new', '2020-04-13 03:27:53', '2020-04-13 04:15:57'),
(78, 227, 'VY3X7BO4RF', 6327.19, 'new', '2020-04-13 03:27:53', '2020-04-13 04:15:57'),
(79, 227, 'PTZDRAIYCM', 1342.08, 'processed', '2020-04-13 03:27:53', '2020-04-13 04:15:57'),
(80, 227, 'P0GYAEVFTL', 12141.10, 'new', '2020-04-13 03:27:53', '2020-04-13 04:15:58'),
(81, 228, '3K5FYEAPVG', 1293.53, 'processed', '2020-04-13 03:27:53', '2020-04-13 04:15:58'),
(82, 228, 'VPNE9IS3OA', 1220.64, 'processed', '2020-04-13 03:27:53', '2020-04-13 04:15:58'),
(83, 228, 'FG0RXU29AC', 6147.30, 'new', '2020-04-13 03:27:53', '2020-04-13 04:15:58'),
(84, 228, 'XGLS74KAVQ', 1370.46, 'new', '2020-04-13 03:27:54', '2020-04-13 04:15:58'),
(85, 229, 'EAPJ0MOBWL', 9602.77, 'processed', '2020-04-13 03:27:54', '2020-04-13 04:15:58'),
(86, 229, 'QWO583YMIC', 3082.97, 'processed', '2020-04-13 03:27:54', '2020-04-13 04:15:58'),
(87, 230, '8641ABCX37', 3728.08, 'processed', '2020-04-13 03:27:54', '2020-04-13 04:15:59'),
(88, 231, 'BKIF8JPERN', 5620.14, 'new', '2020-04-13 03:27:54', '2020-04-13 04:15:59'),
(89, 231, 'WH8DAETUO4', 9643.00, 'new', '2020-04-13 03:27:54', '2020-04-13 04:15:59'),
(90, 232, 'P6GMXTK37S', 6160.05, 'processed', '2020-04-13 03:27:54', '2020-04-13 04:15:59'),
(91, 232, 'YKO7DIHW5E', 3477.57, 'processed', '2020-04-13 03:27:54', '2020-04-13 04:16:00'),
(92, 232, 'FUNEH53086', 11004.64, 'new', '2020-04-13 03:27:54', '2020-04-13 04:16:00'),
(93, 232, 'UB20Y9JOTR', 2262.81, 'processed', '2020-04-13 03:27:54', '2020-04-13 04:16:00'),
(94, 233, '4IGPMQROEJ', 8467.74, 'new', '2020-04-13 03:27:54', '2020-04-13 04:16:00'),
(95, 233, '78OWZ91UJ0', 9140.30, 'processed', '2020-04-13 03:27:54', '2020-04-13 04:16:01'),
(96, 234, 'QXAZ98JV72', 7750.41, 'new', '2020-04-13 03:27:54', '2020-04-13 04:16:01'),
(97, 234, '3QX421HOIT', 432.00, 'new', '2020-04-13 03:27:54', '2020-04-13 04:16:01'),
(98, 234, 'M0P9Y8U57N', 13576.80, 'processed', '2020-04-13 03:27:54', '2020-04-13 04:16:01'),
(99, 235, '6YLTAVI49H', 2605.06, 'new', '2020-04-13 03:27:54', '2020-04-13 04:16:02'),
(100, 236, 'Q45CYOFPIG', 9037.72, 'processed', '2020-04-13 03:27:54', '2020-04-13 04:16:02'),
(101, 236, 'ITW4L2G83V', 6556.83, 'new', '2020-04-13 03:27:54', '2020-04-13 04:16:02'),
(102, 236, 'E2AZYH3D8R', 813.76, 'processed', '2020-04-13 03:27:54', '2020-04-13 04:16:02'),
(103, 236, '4TEL6B9MCI', 5297.94, 'processed', '2020-04-13 03:27:54', '2020-04-13 04:16:02'),
(104, 236, 'LBPGQO73VR', 5444.93, 'processed', '2020-04-13 03:27:54', '2020-04-13 04:16:02'),
(105, 237, '0RVA6EOKFB', 7126.16, 'processed', '2020-04-13 03:27:54', '2020-04-13 12:12:47'),
(106, 237, 'HIL3NSK1V9', 8804.52, 'processed', '2020-04-13 03:27:54', '2020-04-13 12:13:54'),
(107, 237, 'K7CGEHI439', 3461.08, 'new', '2020-04-13 03:27:54', '2020-04-13 04:16:03'),
(108, 237, 'VUOJFIN6G9', 8288.33, 'new', '2020-04-13 03:27:54', '2020-04-13 04:16:03'),
(109, 237, 'QIBH2CVPR7', 9823.08, 'new', '2020-04-13 03:27:54', '2020-04-13 04:16:04'),
(110, 238, 'TCZVM412BR', 4799.15, 'new', '2020-04-13 03:27:54', '2020-04-13 04:16:04'),
(111, 238, 'IQ0BDVHTA8', 2001.47, 'processed', '2020-04-13 03:27:54', '2020-04-13 04:16:05'),
(112, 238, 'NC0EZS4LRM', 605.15, 'processed', '2020-04-13 03:27:54', '2020-04-13 04:16:05'),
(113, 238, 'X5VNYC84WG', 1455.50, 'new', '2020-04-13 03:27:55', '2020-04-13 04:16:05'),
(114, 239, 'CW7YJSE5G9', 406.88, 'new', '2020-04-13 03:27:55', '2020-04-13 04:16:05'),
(115, 239, 'NECG4FJKVY', 10436.74, 'new', '2020-04-13 03:27:55', '2020-04-13 04:16:05'),
(116, 239, '96TWYB3LQ8', 6340.42, 'new', '2020-04-13 03:27:55', '2020-04-13 04:16:06'),
(117, 239, 'ZU4GXTEV9P', 11758.71, 'new', '2020-04-13 03:27:55', '2020-04-13 04:16:06'),
(118, 240, '6YCD3FNIAT', 6380.64, 'new', '2020-04-13 03:27:55', '2020-04-13 04:16:06'),
(119, 240, '8OZMISHPF3', 2961.30, 'processed', '2020-04-13 03:27:55', '2020-04-13 04:16:07'),
(120, 240, 'J9ID6PVONR', 1830.96, 'processed', '2020-04-13 03:27:55', '2020-04-13 04:16:07'),
(121, 240, 'Y4TSPMHUD1', 1398.03, 'processed', '2020-04-13 03:27:55', '2020-04-13 04:16:07'),
(122, 240, '08S5M2VYUN', 2159.22, 'processed', '2020-04-13 03:27:55', '2020-04-13 04:16:07'),
(123, 241, 'GZXHN65PUY', 4890.93, 'new', '2020-04-13 03:27:55', '2020-04-13 04:16:08'),
(124, 241, '3KW7VRA0OG', 3321.12, 'new', '2020-04-13 03:27:55', '2020-04-13 04:16:08'),
(125, 241, '6AVW3L7IDE', 10642.11, 'new', '2020-04-13 03:27:55', '2020-04-13 04:16:08'),
(126, 241, '4EL2P987SI', 2126.88, 'processed', '2020-04-13 03:27:55', '2020-04-13 04:16:08'),
(127, 241, '18EPWNBCGH', 5129.51, 'new', '2020-04-13 03:27:55', '2020-04-13 04:16:08'),
(128, 242, 'H3PYLD6TEN', 7915.60, 'new', '2020-04-13 03:27:55', '2020-04-13 04:16:09'),
(129, 243, 'V9ENF03J7B', 932.02, 'processed', '2020-04-13 03:27:55', '2020-04-13 04:16:09'),
(130, 243, 'XNSE0UYVC5', 7970.11, 'processed', '2020-04-13 03:27:55', '2020-04-13 04:16:09'),
(131, 243, 'EZWCKLQYDI', 5056.00, 'new', '2020-04-13 03:27:55', '2020-04-13 04:16:09'),
(132, 243, 'VHYIPZ342D', 2524.06, 'new', '2020-04-13 03:27:55', '2020-04-13 04:16:09'),
(133, 244, 'M538RNDVZ7', 14677.71, 'processed', '2020-04-13 03:27:55', '2020-04-13 04:16:10'),
(134, 244, 'CQRSXNK3YW', 2552.19, 'processed', '2020-04-13 03:27:55', '2020-04-13 04:16:10'),
(135, 244, '6JBCGVUI72', 1913.25, 'processed', '2020-04-13 03:27:56', '2020-04-13 04:16:10'),
(136, 244, '0MF9OSL4ZB', 2905.98, 'new', '2020-04-13 03:27:56', '2020-04-13 04:16:10'),
(137, 244, 'ZVMOBW4K7G', 7102.42, 'processed', '2020-04-13 03:27:56', '2020-04-13 04:16:10'),
(138, 245, 'GLR7VMIYKB', 216.00, 'new', '2020-04-13 03:27:56', '2020-04-13 04:16:10'),
(139, 245, 'IP8GK29LRX', 3224.82, 'processed', '2020-04-13 03:27:56', '2020-04-13 04:16:10'),
(140, 245, 'TCJQERI9S6', 15694.20, 'processed', '2020-04-13 03:27:56', '2020-04-13 04:16:11'),
(141, 245, 'SB5VWGZATL', 10888.00, 'new', '2020-04-13 03:27:56', '2020-04-13 04:16:11'),
(142, 246, 'G67REK3AX9', 4330.95, 'processed', '2020-04-13 03:27:56', '2020-04-13 04:16:11'),
(143, 246, 'X72E4LU53V', 2564.24, 'new', '2020-04-13 03:27:56', '2020-04-13 04:16:12'),
(144, 247, 'N3FKDCURLG', 1398.03, 'new', '2020-04-13 03:27:56', '2020-04-13 04:16:12'),
(145, 247, '5KAHT64VJR', 6948.04, 'new', '2020-04-13 03:27:56', '2020-04-13 04:16:12'),
(146, 247, 'V481MHAT06', 1765.98, 'processed', '2020-04-13 03:27:56', '2020-04-13 04:16:12'),
(147, 248, 'B39846MDZW', 9393.66, 'new', '2020-04-13 03:27:56', '2020-04-13 04:16:12'),
(148, 248, '8MZ9A6CSPL', 2604.10, 'new', '2020-04-13 03:27:56', '2020-04-13 04:16:12'),
(149, 249, '21356FJVOD', 2598.57, 'processed', '2020-04-13 03:27:56', '2020-04-13 04:16:13'),
(150, 249, 'Y8S6LI2VZD', 2098.26, 'processed', '2020-04-13 03:27:56', '2020-04-13 04:16:13'),
(151, 249, 'QKOUW51IL0', 13101.89, 'new', '2020-04-13 03:27:56', '2020-04-13 04:16:13'),
(152, 249, '0TU6IBQZXG', 8830.51, 'processed', '2020-04-13 03:27:56', '2020-04-13 04:16:13'),
(153, 249, '6AGVD0KJ2O', 2575.14, 'processed', '2020-04-13 03:27:56', '2020-04-13 04:16:14'),
(154, 250, 'ETR84LY53F', 6254.77, 'processed', '2020-04-13 03:27:56', '2020-04-13 04:16:14'),
(155, 250, '6HP1LSEUAV', 7775.43, 'new', '2020-04-13 03:27:57', '2020-04-13 04:16:14'),
(156, 251, 'LU59GKS0AC', 8340.93, 'new', '2020-04-13 03:27:57', '2020-04-13 04:16:14'),
(157, 251, '9GCUS3OTVA', 5424.99, 'new', '2020-04-13 03:27:57', '2020-04-13 04:16:15'),
(158, 251, '4OIMDHRTYA', 295.32, 'new', '2020-04-13 03:27:57', '2020-04-13 04:16:15'),
(159, 251, '5FNSO4ME1V', 9277.48, 'new', '2020-04-13 03:27:57', '2020-04-13 04:16:15'),
(160, 251, 'SUDY30MGKW', 8437.92, 'new', '2020-04-13 03:27:57', '2020-04-13 04:16:15'),
(161, 252, 'V5UJX9SOBQ', 13051.29, 'new', '2020-04-13 03:27:57', '2020-04-13 04:16:16'),
(162, 252, 'AGQ51HSRKT', 6428.06, 'processed', '2020-04-13 03:27:57', '2020-04-13 04:16:17'),
(163, 253, 'NA1YVMU879', 12812.82, 'processed', '2020-04-13 03:27:57', '2020-04-13 04:16:17'),
(164, 253, 'IJMP16U2SQ', 12160.85, 'new', '2020-04-13 03:27:57', '2020-04-13 04:16:17'),
(165, 253, '5EQVI7B1KG', 3894.42, 'new', '2020-04-13 03:27:57', '2020-04-13 04:16:18'),
(166, 254, 'VJM7CYPI9E', 3565.70, 'processed', '2020-04-13 03:27:57', '2020-04-13 04:16:18'),
(167, 255, 'LO25HN961Y', 4672.38, 'new', '2020-04-13 03:27:57', '2020-04-13 04:16:19'),
(168, 256, '6HZKQE5I3Y', 721.16, 'new', '2020-04-13 03:27:57', '2020-04-13 04:16:19'),
(169, 256, '7GLV0SQ5XA', 4986.99, 'new', '2020-04-13 03:27:58', '2020-04-13 04:16:19'),
(170, 256, '8RDJ2LZPT7', 4492.71, 'processed', '2020-04-13 03:27:59', '2020-04-13 04:16:19'),
(171, 257, 'OCHWB91GE0', 11079.18, 'new', '2020-04-13 03:28:00', '2020-04-13 04:16:20'),
(172, 257, '9AUHEZF7QI', 8202.48, 'new', '2020-04-13 03:28:01', '2020-04-13 04:16:20'),
(173, 257, 'MFPKY36C4D', 6994.20, 'processed', '2020-04-13 03:28:02', '2020-04-13 04:16:20'),
(174, 257, 'RG5NWVZ293', 8044.97, 'processed', '2020-04-13 03:28:02', '2020-04-13 04:16:20'),
(175, 258, '3BT62FDX74', 6812.64, 'new', '2020-04-13 03:28:02', '2020-04-13 04:16:20'),
(176, 259, '4BR6OV21ND', 10677.76, 'processed', '2020-04-13 03:28:02', '2020-04-13 04:16:21'),
(177, 259, 'Z3IG28N1PH', 1478.32, 'processed', '2020-04-13 03:28:03', '2020-04-13 04:16:21'),
(178, 260, 'S4UX02DR75', 10148.20, 'processed', '2020-04-13 03:28:03', '2020-04-13 04:16:21'),
(179, 260, 'FQGJRLHV23', 9909.28, 'new', '2020-04-13 03:28:03', '2020-04-13 04:16:22'),
(180, 260, 'T1OL6Z2PIU', 2648.97, 'processed', '2020-04-13 03:28:03', '2020-04-13 04:16:22'),
(181, 261, '0T2LC6QYMS', 3103.85, 'new', '2020-04-13 03:28:03', '2020-04-13 04:16:22'),
(182, 261, 'DJM35LBHOI', 5955.11, 'new', '2020-04-13 03:28:03', '2020-04-13 04:16:22'),
(183, 262, 'R3AV0NOWES', 7571.82, 'processed', '2020-04-13 03:28:03', '2020-04-13 04:16:22'),
(184, 262, 'U0IZW8Q9KL', 7486.78, 'new', '2020-04-13 03:28:03', '2020-04-13 04:16:23'),
(185, 263, 'PU5KBY20SI', 8007.33, 'processed', '2020-04-13 03:28:03', '2020-04-13 04:16:23'),
(186, 264, 'KMFZRPTV25', 1296.00, 'processed', '2020-04-13 03:28:03', '2020-04-13 04:16:23'),
(187, 264, 'IUSAZMCYLR', 2075.70, 'new', '2020-04-13 03:28:03', '2020-04-13 04:16:23'),
(188, 264, 'GVMHEW2ROA', 4271.12, 'new', '2020-04-13 03:28:03', '2020-04-13 04:16:24'),
(189, 264, '024AUJYIHG', 4974.92, 'new', '2020-04-13 03:28:03', '2020-04-13 04:16:24'),
(190, 264, 'O3KUPBSIR5', 6793.18, 'processed', '2020-04-13 03:28:03', '2020-04-13 04:16:24'),
(191, 265, '8JY612L4KN', 7221.26, 'processed', '2020-04-13 03:28:03', '2020-04-13 04:16:25'),
(192, 265, 'URQ71MJ4Z5', 3736.26, 'new', '2020-04-13 03:28:03', '2020-04-13 04:16:25'),
(193, 266, 'S514K9PT0A', 1220.64, 'new', '2020-04-13 03:28:03', '2020-04-13 04:16:25'),
(194, 266, 'WIYGU16BQV', 1476.60, 'processed', '2020-04-13 03:28:04', '2020-04-13 04:16:25'),
(195, 266, 'Z0GA6MWPL9', 260.41, 'processed', '2020-04-13 03:28:04', '2020-04-13 04:16:25'),
(196, 267, 'O47BFQIMHN', 4587.30, 'processed', '2020-04-13 03:28:04', '2020-04-13 04:16:26'),
(197, 268, 'ET7A0Q43UK', 447.36, 'processed', '2020-04-13 03:28:04', '2020-04-13 04:16:26'),
(198, 268, 'NHOI0YK4JZ', 11605.62, 'new', '2020-04-13 03:28:04', '2020-04-13 04:16:27'),
(199, 268, '7CT9JHFZNA', 3402.92, 'new', '2020-04-13 03:28:04', '2020-04-13 04:16:27'),
(200, 268, '8USHKZTWI5', 12432.14, 'new', '2020-04-13 03:28:04', '2020-04-13 04:16:27'),
(201, 268, 'SILZ3MCRB7', 3666.94, 'new', '2020-04-13 03:28:04', '2020-04-13 04:16:27'),
(202, 269, '8OHRJ7ZUS1', 11280.75, 'new', '2020-04-13 03:28:04', '2020-04-13 04:16:28'),
(203, 269, 'IUA2FLXBYG', 10212.30, 'processed', '2020-04-13 03:28:04', '2020-04-13 04:16:29'),
(204, 269, 'B3RH4CMOET', 3822.47, 'processed', '2020-04-13 03:28:04', '2020-04-13 04:16:29'),
(205, 269, 'J702TBHWYI', 765.30, 'new', '2020-04-13 03:28:04', '2020-04-13 04:16:29'),
(206, 270, 'ENCGL0K58M', 8661.90, 'new', '2020-04-13 03:28:04', '2020-04-13 04:16:30'),
(207, 270, 'FI9E4KYCLP', 2652.96, 'new', '2020-04-13 03:28:04', '2020-04-13 04:16:30'),
(208, 271, 'BDIMK1Y7AQ', 8615.73, 'processed', '2020-04-13 03:28:05', '2020-04-13 04:16:30'),
(209, 271, 'P1UEFCH9NJ', 1328.94, 'processed', '2020-04-13 03:28:05', '2020-04-13 04:16:30'),
(210, 271, '1DACG8Z9NK', 3605.80, 'new', '2020-04-13 03:28:05', '2020-04-13 04:16:30'),
(211, 271, 'Q9PN638S7G', 3439.14, 'processed', '2020-04-13 03:28:05', '2020-04-13 04:16:30'),
(212, 272, '5CIXF7OY28', 5822.00, 'processed', '2020-04-13 03:28:05', '2020-04-13 04:16:30'),
(213, 272, '24UWFY7RSH', 4383.06, 'processed', '2020-04-13 03:28:05', '2020-04-13 04:16:31'),
(214, 272, 'HABWOCF16Y', 7089.60, 'processed', '2020-04-13 03:28:05', '2020-04-13 04:16:31'),
(215, 272, '3VDNMAGCPS', 3497.10, 'processed', '2020-04-13 03:28:05', '2020-04-13 04:16:31'),
(216, 273, 'CFW5QYDZ3E', 6490.45, 'processed', '2020-04-13 03:28:05', '2020-04-13 04:16:31'),
(217, 273, 'NMDWYIGBXH', 10457.40, 'processed', '2020-04-13 03:28:05', '2020-04-13 04:16:32'),
(218, 273, 'QIK9H3VNB7', 11339.59, 'new', '2020-04-13 03:28:06', '2020-04-13 04:16:32'),
(219, 274, '2H5UNV76JD', 2013.12, 'new', '2020-04-13 03:28:06', '2020-04-13 04:16:32'),
(220, 275, 'N03YOUXQV4', 4271.20, 'processed', '2020-04-13 03:28:06', '2020-04-13 04:16:32'),
(221, 275, 'DNM16UTAKQ', 6191.94, 'processed', '2020-04-13 03:28:06', '2020-04-13 04:16:32'),
(222, 275, '0DEXS6C8LO', 8990.10, 'processed', '2020-04-13 03:28:06', '2020-04-13 04:16:32'),
(223, 275, 'MWL3U6Y190', 1830.96, 'processed', '2020-04-13 03:28:06', '2020-04-13 04:16:33'),
(224, 276, 'DFZ5ESXR01', 13646.49, 'processed', '2020-04-13 03:28:06', '2020-04-13 04:16:33'),
(225, 276, 'A8C7H29FZT', 1633.02, 'new', '2020-04-13 03:28:06', '2020-04-13 04:16:33'),
(226, 276, 'UAKOVJ7PFI', 1417.92, 'new', '2020-04-13 03:28:06', '2020-04-13 04:16:33'),
(227, 277, 'S4517FHUNI', 3843.99, 'processed', '2020-04-13 03:28:06', '2020-04-13 04:16:34'),
(228, 277, '1RVXW3CZFH', 11221.60, 'processed', '2020-04-13 03:28:06', '2020-04-13 04:16:34'),
(229, 277, '1946DMZE7P', 4151.40, 'processed', '2020-04-13 03:28:06', '2020-04-13 04:16:34'),
(230, 277, 'B5MO3V0H87', 2483.08, 'processed', '2020-04-13 03:28:06', '2020-04-13 04:16:34'),
(231, 278, 'FNPXQRCGI3', 2194.21, 'new', '2020-04-13 03:28:06', '2020-04-13 04:16:35'),
(232, 278, 'O0SZ3T176K', 6559.88, 'processed', '2020-04-13 03:28:06', '2020-04-13 04:16:35'),
(233, 278, 'ERW2JHY5AP', 5586.93, 'processed', '2020-04-13 03:28:06', '2020-04-13 04:16:35'),
(234, 278, 'M6SHI5BJWN', 295.32, 'new', '2020-04-13 03:28:07', '2020-04-13 04:16:35'),
(235, 278, 'KT86C390DX', 3364.26, 'new', '2020-04-13 03:28:07', '2020-04-13 04:16:36'),
(236, 279, '58TMXFLGK7', 11994.97, 'processed', '2020-04-13 03:28:07', '2020-04-13 04:16:36'),
(237, 279, 'VBP2HDZOWI', 4573.60, 'processed', '2020-04-13 03:28:07', '2020-04-13 04:16:37'),
(238, 279, 'BYK5H8E7UM', 4660.91, 'new', '2020-04-13 03:28:07', '2020-04-13 04:16:37'),
(239, 280, 'RYX3OHS1QL', 3962.24, 'new', '2020-04-13 03:28:07', '2020-04-13 04:16:37'),
(240, 280, '34RVYA8JPI', 2604.10, 'processed', '2020-04-13 03:28:07', '2020-04-13 04:16:37'),
(241, 280, 'FOULWZC2E5', 1663.11, 'new', '2020-04-13 03:28:07', '2020-04-13 04:16:38'),
(242, 280, 'UVGTQWZ3YA', 6759.15, 'processed', '2020-04-13 03:28:07', '2020-04-13 04:16:38'),
(243, 280, 'S7MEJQD3YK', 9772.00, 'new', '2020-04-13 03:28:07', '2020-04-13 04:16:38'),
(244, 281, 'XA1V0GCRKM', 1476.60, 'processed', '2020-04-13 03:28:08', '2020-04-13 04:16:39'),
(245, 282, 'KQCRVPY50E', 13368.83, 'new', '2020-04-13 03:28:08', '2020-04-13 04:16:39'),
(246, 282, '52UREI9F8P', 7684.18, 'processed', '2020-04-13 03:28:08', '2020-04-13 04:16:40'),
(247, 283, 'BDESZY1GK4', 6718.81, 'processed', '2020-04-13 03:28:08', '2020-04-13 04:16:40'),
(248, 284, '23LRZ7JG9B', 4173.12, 'processed', '2020-04-13 03:28:08', '2020-04-13 04:16:40'),
(249, 284, 'DBYH9Z48FQ', 3797.75, 'new', '2020-04-13 03:28:08', '2020-04-13 04:16:41'),
(250, 284, 'YWLNSG6F4E', 4660.10, 'new', '2020-04-13 03:28:08', '2020-04-13 04:16:41'),
(251, 285, 'FUHYIROGC2', 2013.12, 'processed', '2020-04-13 03:28:08', '2020-04-13 04:16:41'),
(252, 286, 'XCKT21FIA9', 7145.87, 'processed', '2020-04-13 03:28:08', '2020-04-13 04:16:42'),
(253, 286, '7ANPOYW368', 8591.35, 'processed', '2020-04-13 03:28:08', '2020-04-13 04:16:42'),
(254, 286, 'TXGKAZHQIW', 7832.99, 'new', '2020-04-13 03:28:08', '2020-04-13 04:16:43'),
(255, 286, '9J4UBRVACL', 3203.34, 'new', '2020-04-13 03:28:08', '2020-04-13 04:16:43'),
(256, 286, 'G9ZTHP52SO', 10994.69, 'new', '2020-04-13 03:28:09', '2020-04-13 04:16:43'),
(257, 287, 'MHG34AF1QV', 5624.76, 'new', '2020-04-13 03:28:09', '2020-04-13 04:16:43'),
(258, 287, '8MGF9DIJCY', 2816.08, 'processed', '2020-04-13 03:28:09', '2020-04-13 04:16:44'),
(259, 287, 'QW6FXY4Z7U', 10165.60, 'new', '2020-04-13 03:28:09', '2020-04-13 04:16:44'),
(260, 288, 'E7SBLRDP5G', 5612.28, 'new', '2020-04-13 03:28:09', '2020-04-13 04:16:44'),
(261, 288, 'QT2M7O4SDU', 2625.41, 'processed', '2020-04-13 03:28:09', '2020-04-13 04:16:44'),
(262, 288, '189GS4MV7X', 590.22, 'new', '2020-04-13 03:28:09', '2020-04-13 04:16:44'),
(263, 288, 'K8F6VBZ7A5', 1864.04, 'new', '2020-04-13 03:28:09', '2020-04-13 04:16:44'),
(264, 289, 'S15BQ2PEFR', 4895.94, 'processed', '2020-04-13 03:28:09', '2020-04-13 04:16:45'),
(265, 289, '8WCV6KFEX4', 9691.37, 'processed', '2020-04-13 03:28:10', '2020-04-13 04:16:45'),
(266, 289, '2TDJ6KE71C', 7063.92, 'new', '2020-04-13 03:28:10', '2020-04-13 04:16:45'),
(267, 289, 'S7X5LIB3CH', 10158.00, 'processed', '2020-04-13 03:28:10', '2020-04-13 04:16:45'),
(268, 289, 'NO7SGTVW43', 7656.57, 'processed', '2020-04-13 03:28:10', '2020-04-13 04:16:45'),
(269, 290, 'TZ0HGVOS9M', 2338.32, 'new', '2020-04-13 03:28:10', '2020-04-13 04:16:46'),
(270, 290, 'AJD8TXGQLC', 1424.08, 'processed', '2020-04-13 03:28:10', '2020-04-13 04:16:46'),
(271, 290, 'XD2U4LNYFR', 2810.07, 'processed', '2020-04-13 03:28:11', '2020-04-13 04:16:46'),
(272, 290, '9Y83OR1BQA', 6730.50, 'processed', '2020-04-13 03:28:11', '2020-04-13 04:16:47'),
(273, 291, '34T9CYQIGZ', 605.15, 'new', '2020-04-13 03:28:11', '2020-04-13 04:16:47'),
(274, 291, 'JCIQL45E9O', 4983.35, 'processed', '2020-04-13 03:28:11', '2020-04-13 04:16:47'),
(275, 291, 'BIEK93UMTG', 7413.70, 'processed', '2020-04-13 03:28:11', '2020-04-13 04:16:48'),
(276, 291, 'XTQL9802DE', 9931.87, 'processed', '2020-04-13 03:28:11', '2020-04-13 04:16:48'),
(277, 291, 'P91GY67QB0', 11947.11, 'new', '2020-04-13 03:28:11', '2020-04-13 04:16:49'),
(278, 292, 'WBPIGLQ5T6', 16110.03, 'processed', '2020-04-13 03:28:11', '2020-04-13 04:16:49'),
(279, 293, 'TWB2VXMP6Y', 10453.56, 'processed', '2020-04-13 03:28:11', '2020-04-13 04:16:49'),
(280, 293, 'HQLDN250X1', 1717.92, 'processed', '2020-04-13 03:28:11', '2020-04-13 04:16:50'),
(281, 293, 'B51H7YAU0Q', 8430.21, 'new', '2020-04-13 03:28:11', '2020-04-13 04:16:50'),
(282, 293, 'JYKDC4VR03', 5297.94, 'processed', '2020-04-13 03:28:11', '2020-04-13 04:16:50'),
(283, 294, '56YZF8C7OU', 13917.54, 'processed', '2020-04-13 03:28:11', '2020-04-13 04:16:50'),
(284, 294, 'GW7218MF6Z', 9518.04, 'new', '2020-04-13 03:28:12', '2020-04-13 04:16:51'),
(285, 294, 'KEYH0C57N3', 5910.55, 'new', '2020-04-13 03:28:12', '2020-04-13 04:16:52'),
(286, 294, 'M3WJ2GR0QN', 1713.25, 'new', '2020-04-13 03:28:12', '2020-04-13 04:16:52'),
(287, 294, 'TAOMH1YR7C', 10928.72, 'processed', '2020-04-13 03:28:12', '2020-04-13 04:16:53'),
(288, 295, 'KFZJWC2UHM', 11718.00, 'new', '2020-04-13 03:28:12', '2020-04-13 04:16:53'),
(289, 296, 'RMWXJF1KT5', 3443.85, 'processed', '2020-04-13 03:28:12', '2020-04-13 04:16:54'),
(290, 296, '4XIQ1YELA2', 8417.73, 'new', '2020-04-13 03:28:12', '2020-04-13 04:16:54'),
(291, 297, '3J5UTGIHC9', 4272.46, 'new', '2020-04-13 03:28:12', '2020-04-13 04:16:54'),
(292, 297, 'VYOTRFB4H1', 1830.96, 'new', '2020-04-13 03:28:12', '2020-04-13 04:16:54'),
(293, 298, 'JFVMRW2A4L', 8507.30, 'new', '2020-04-13 03:28:13', '2020-04-13 04:16:54'),
(294, 299, 'UL35RTMIVB', 3892.55, 'new', '2020-04-13 03:28:13', '2020-04-13 04:16:55'),
(295, 299, '1OR6IJUQ58', 3728.08, 'processed', '2020-04-13 03:28:13', '2020-04-13 04:16:55'),
(296, 299, 'C5EXUAKNOL', 8193.93, 'new', '2020-04-13 03:28:13', '2020-04-13 04:16:55'),
(297, 300, 'SZVXNFA6IH', 2410.21, 'processed', '2020-04-13 03:28:13', '2020-04-13 04:16:55'),
(298, 300, 'XTCI6A8WMQ', 5560.26, 'new', '2020-04-13 03:28:13', '2020-04-13 04:16:55'),
(299, 300, 'R8H3FKNAGS', 12133.43, 'processed', '2020-04-13 03:28:13', '2020-04-13 04:16:56'),
(300, 300, 'TD31G72JQB', 850.73, 'processed', '2020-04-13 03:28:13', '2020-04-13 04:16:56'),
(301, 301, 'H4SPY7MJ8R', 1660.56, 'processed', '2020-04-13 03:28:13', '2020-04-13 04:16:56'),
(302, 301, '7WD1MLQZGU', 7600.26, 'processed', '2020-04-13 03:28:13', '2020-04-13 04:16:56'),
(303, 301, 'XCB12GZYDN', 184.79, 'new', '2020-04-13 03:28:13', '2020-04-13 04:16:57'),
(304, 301, '6O27BDS0WH', 2678.55, 'processed', '2020-04-13 03:28:14', '2020-04-13 04:16:57'),
(305, 302, 'RMES759OVJ', 2911.00, 'processed', '2020-04-13 03:28:14', '2020-04-13 04:16:57'),
(306, 302, 'OG6LREU3F7', 13329.00, 'new', '2020-04-13 03:28:14', '2020-04-13 04:16:57'),
(307, 302, 'X4PQ7AERT8', 6180.93, 'new', '2020-04-13 03:28:14', '2020-04-13 04:16:57'),
(308, 303, '73J642GXQK', 216.00, 'new', '2020-04-13 03:28:14', '2020-04-13 04:16:57'),
(309, 303, 'FZB3YUA02P', 6777.57, 'processed', '2020-04-13 03:28:14', '2020-04-13 04:16:58'),
(310, 303, 'XD5SUI4L8C', 2951.10, 'new', '2020-04-13 03:28:14', '2020-04-13 04:16:58'),
(311, 303, '4K7GTVCBSW', 1822.87, 'new', '2020-04-13 03:28:14', '2020-04-13 04:16:58'),
(312, 303, '52LVGFB96H', 12350.19, 'new', '2020-04-13 03:28:14', '2020-04-13 04:16:58'),
(313, 304, '538SIKBGHD', 3826.50, 'new', '2020-04-13 03:28:15', '2020-04-13 04:16:59'),
(314, 304, 'UG0S3XDH9A', 5216.56, 'processed', '2020-04-13 03:28:15', '2020-04-13 04:16:59'),
(315, 305, 'GMLP1K2RTN', 1284.53, 'processed', '2020-04-13 03:28:15', '2020-04-13 04:16:59'),
(316, 306, 'TA9MK37XDU', 6542.74, 'processed', '2020-04-13 03:28:15', '2020-04-13 04:16:59'),
(317, 306, 'U4AITQ2KX0', 6799.59, 'processed', '2020-04-13 03:28:15', '2020-04-13 04:17:00'),
(318, 306, 'YR4ZPQDIEB', 9239.38, 'processed', '2020-04-13 03:28:15', '2020-04-13 04:17:00'),
(319, 306, '2IXAMRD36Z', 4422.34, 'new', '2020-04-13 03:28:15', '2020-04-13 04:17:00'),
(320, 306, 'ZFYXA7RTOJ', 1732.38, 'new', '2020-04-13 03:28:15', '2020-04-13 04:17:01'),
(321, 307, 'FHV5RLM0KN', 1017.20, 'processed', '2020-04-13 03:28:15', '2020-04-13 04:17:01'),
(322, 307, 'DXJ2COY18I', 382.65, 'new', '2020-04-13 03:28:15', '2020-04-13 04:17:01'),
(323, 307, '7MLPVHJBOA', 6758.25, 'new', '2020-04-13 03:28:15', '2020-04-13 04:17:01'),
(324, 308, '1ML6ZXH2IQ', 7296.14, 'new', '2020-04-13 03:28:15', '2020-04-13 04:17:02'),
(325, 308, 'VSQPUDLZK4', 5955.11, 'processed', '2020-04-13 03:28:15', '2020-04-13 04:17:02'),
(326, 309, 'NIYPTC1B0O', 4502.40, 'processed', '2020-04-13 03:28:16', '2020-04-13 04:17:02'),
(327, 309, '47UNFG1VIW', 10548.12, 'new', '2020-04-13 03:28:16', '2020-04-13 04:17:03'),
(328, 309, 'KOZF51XE6R', 882.99, 'new', '2020-04-13 03:28:16', '2020-04-13 04:17:03'),
(329, 309, '9QNERVAT2L', 2483.08, 'new', '2020-04-13 03:28:16', '2020-04-13 04:17:03'),
(330, 310, '25QACUT9VX', 2420.60, 'processed', '2020-04-13 03:28:16', '2020-04-13 04:17:04'),
(331, 310, 'G32BUIPSMY', 5222.73, 'processed', '2020-04-13 03:28:16', '2020-04-13 04:17:04'),
(332, 311, 'M7352UPK0O', 4318.17, 'new', '2020-04-13 03:28:16', '2020-04-13 04:17:04'),
(333, 311, 'U8M6WAB5QC', 9159.14, 'processed', '2020-04-13 03:28:16', '2020-04-13 04:17:05'),
(334, 311, 'R21GDIFPL6', 7657.53, 'processed', '2020-04-13 03:28:16', '2020-04-13 04:17:05'),
(335, 311, 'OK9R7GNW10', 2458.59, 'processed', '2020-04-13 03:28:16', '2020-04-13 04:17:06'),
(336, 312, 'U4SNZ9FLQT', 4841.20, 'new', '2020-04-13 03:28:16', '2020-04-13 04:17:06'),
(337, 312, '1XV4UOH5KA', 3633.73, 'new', '2020-04-13 03:28:17', '2020-04-13 04:17:06'),
(338, 313, 'J75PHQN3FB', 7709.52, 'new', '2020-04-13 03:28:17', '2020-04-13 04:17:06'),
(339, 313, '2NB3OGRDQS', 3638.75, 'processed', '2020-04-13 03:28:17', '2020-04-13 04:17:06'),
(340, 313, '3CXNLSKTB9', 2625.16, 'processed', '2020-04-13 03:28:17', '2020-04-13 04:17:06'),
(341, 313, 'J62PZFT0LW', 2678.55, 'new', '2020-04-13 03:28:17', '2020-04-13 04:17:07'),
(342, 314, '1L5T6VAZGR', 721.16, 'new', '2020-04-13 03:28:17', '2020-04-13 04:17:07'),
(343, 315, 'C62S7P0V93', 5104.38, 'processed', '2020-04-13 03:28:17', '2020-04-13 04:17:07'),
(344, 316, '2OT1HAXDJ0', 13435.49, 'new', '2020-04-13 03:28:17', '2020-04-13 04:17:07'),
(345, 316, 'H6FQ9XWJ5V', 8877.21, 'new', '2020-04-13 03:28:17', '2020-04-13 04:17:07'),
(346, 317, 'ZRYAINQO92', 1847.90, 'new', '2020-04-13 03:28:17', '2020-04-13 04:17:07'),
(347, 317, 'B7U6ATMI2H', 5553.45, 'new', '2020-04-13 03:28:17', '2020-04-13 04:17:08'),
(348, 317, 'WSNFQL1YET', 3949.08, 'new', '2020-04-13 03:28:17', '2020-04-13 04:17:08'),
(349, 317, 'B7YS3M2A68', 9370.86, 'new', '2020-04-13 03:28:17', '2020-04-13 04:17:09'),
(350, 318, '0J9RTDF2SQ', 6986.10, 'new', '2020-04-13 03:28:17', '2020-04-13 04:17:09'),
(351, 319, '692VNSWAB5', 3119.94, 'processed', '2020-04-13 03:28:17', '2020-04-13 04:17:09'),
(352, 319, '1UI6YQEAWZ', 6556.83, 'processed', '2020-04-13 03:28:17', '2020-04-13 04:17:09'),
(353, 319, 'BRQCHK86YD', 5313.78, 'processed', '2020-04-13 03:28:18', '2020-04-13 04:17:10'),
(354, 320, 'QDPKSOMLA6', 4739.64, 'new', '2020-04-13 03:28:18', '2020-04-13 04:17:10'),
(355, 320, 'XOGLV635PC', 1886.22, 'new', '2020-04-13 03:28:18', '2020-04-13 04:17:11'),
(356, 321, 'S5EOIGWFA1', 1245.42, 'new', '2020-04-13 03:28:18', '2020-04-13 04:17:11'),
(357, 321, '9JLTOYDC0K', 1210.99, 'processed', '2020-04-13 03:28:18', '2020-04-13 04:17:11'),
(358, 321, 'TL09SZGH5A', 10567.74, 'processed', '2020-04-13 03:28:18', '2020-04-13 04:17:11'),
(359, 321, 'E8JZ46OBLY', 3605.80, 'new', '2020-04-13 03:28:18', '2020-04-13 04:17:12'),
(360, 321, 'IR496OC8N0', 4390.11, 'processed', '2020-04-13 03:28:18', '2020-04-13 04:17:12'),
(361, 322, '8NPLHJV1K9', 11409.31, 'processed', '2020-04-13 03:28:18', '2020-04-13 04:17:12'),
(362, 322, '0HZXC3A2L7', 10693.20, 'new', '2020-04-13 03:28:18', '2020-04-13 04:17:13'),
(363, 322, 'VQBD3CEK8L', 2497.21, 'new', '2020-04-13 03:28:18', '2020-04-13 04:17:13'),
(364, 323, 'Y2CJTN68HA', 3722.46, 'new', '2020-04-13 03:28:18', '2020-04-13 04:17:14'),
(365, 323, 'ASJ0Z4RG7T', 1512.00, 'processed', '2020-04-13 03:28:18', '2020-04-13 04:17:14'),
(366, 323, '1CQSMWILGN', 4966.16, 'new', '2020-04-13 03:28:18', '2020-04-13 04:17:14'),
(367, 323, 'VIPU86SAGO', 3652.90, 'new', '2020-04-13 03:28:18', '2020-04-13 04:17:14'),
(368, 323, 'QF1ZD3TI28', 5634.24, 'processed', '2020-04-13 03:28:18', '2020-04-13 04:17:15'),
(369, 324, 'XM9O23T0LA', 12033.67, 'processed', '2020-04-13 03:28:18', '2020-04-13 04:17:15'),
(370, 324, '0G34XEKJZA', 6739.13, 'processed', '2020-04-13 03:28:18', '2020-04-13 04:17:16'),
(371, 324, 'TD1B7IQU63', 216.00, 'new', '2020-04-13 03:28:18', '2020-04-13 04:17:16'),
(372, 324, '6GATWPDR8M', 5446.35, 'new', '2020-04-13 03:28:18', '2020-04-13 04:17:16'),
(373, 325, 'UA70GIQSLE', 1774.08, 'new', '2020-04-13 03:28:19', '2020-04-13 04:17:17'),
(374, 325, '4C9MGU8Z3V', 3481.31, 'processed', '2020-04-13 03:28:19', '2020-04-13 04:17:17'),
(375, 325, 'X23415L9TJ', 10363.36, 'processed', '2020-04-13 03:28:19', '2020-04-13 04:17:18'),
(376, 326, '58V4CKJ9GA', 415.14, 'processed', '2020-04-13 03:28:19', '2020-04-13 04:17:18'),
(377, 326, 'OV2FAGKHYZ', 6437.66, 'processed', '2020-04-13 03:28:19', '2020-04-13 04:17:18'),
(378, 326, '1758496MBJ', 9742.22, 'new', '2020-04-13 03:28:19', '2020-04-13 04:17:19'),
(379, 327, 'V4GJ2A81HD', 2160.00, 'processed', '2020-04-13 03:28:19', '2020-04-13 04:17:19'),
(380, 327, 'DEPS2T168R', 7867.98, 'new', '2020-04-13 03:28:19', '2020-04-13 04:17:19'),
(381, 328, 'L7KMJHCIUR', 4140.42, 'new', '2020-04-13 03:28:19', '2020-04-13 04:17:19'),
(382, 328, 'NIV52DG70E', 9613.26, 'new', '2020-04-13 03:28:19', '2020-04-13 04:17:19'),
(383, 328, 'Q39C5H0BEK', 605.15, 'new', '2020-04-13 03:28:19', '2020-04-13 04:17:19'),
(384, 328, 'DL9PF6NHV7', 5382.87, 'new', '2020-04-13 03:28:19', '2020-04-13 04:17:20'),
(385, 329, 'NXWJTFE3QM', 3245.93, 'processed', '2020-04-13 03:28:20', '2020-04-13 04:17:20'),
(386, 330, 'YMBIAEOUJ8', 16053.71, 'new', '2020-04-13 03:28:20', '2020-04-13 04:17:20'),
(387, 330, 'RAMCTBWS9L', 13329.06, 'processed', '2020-04-13 03:28:20', '2020-04-13 04:17:21'),
(388, 330, 'DR3C1F7L60', 7762.59, 'processed', '2020-04-13 03:28:20', '2020-04-13 04:17:21'),
(389, 331, 'N9Y13WHE8X', 4227.99, 'new', '2020-04-13 03:28:20', '2020-04-13 04:17:21'),
(390, 331, '9QJ1T2BEI3', 5456.08, 'processed', '2020-04-13 03:28:20', '2020-04-13 04:17:22'),
(391, 331, '6Y4TLODRI8', 8434.24, 'new', '2020-04-13 03:28:20', '2020-04-13 04:17:22'),
(392, 331, 'OF2410YHVL', 3857.27, 'new', '2020-04-13 03:28:20', '2020-04-13 04:17:23'),
(393, 331, 'YERV4KQMT8', 7892.21, 'new', '2020-04-13 03:28:20', '2020-04-13 04:17:23'),
(394, 332, '70J5ROC6LU', 3061.20, 'processed', '2020-04-13 03:28:20', '2020-04-13 04:17:24'),
(395, 332, 'UYHG81XSFJ', 1862.31, 'new', '2020-04-13 03:28:20', '2020-04-13 04:17:24'),
(396, 332, 'GOM6HVRS3T', 484.09, 'new', '2020-04-13 03:28:20', '2020-04-13 04:17:24'),
(397, 332, 'ORV9Y5ZJWD', 4471.14, 'processed', '2020-04-13 03:28:20', '2020-04-13 04:17:24'),
(398, 332, 'I9SQ7G8L5N', 7504.02, 'processed', '2020-04-13 03:28:20', '2020-04-13 04:17:25'),
(399, 333, 'RFB4OYUCIV', 10923.90, 'new', '2020-04-13 03:28:21', '2020-04-13 04:17:25'),
(400, 333, 'TEO047B1KV', 4017.12, 'processed', '2020-04-13 03:28:21', '2020-04-13 04:17:26'),
(401, 334, 'SEKAWBD8L7', 6887.45, 'new', '2020-04-13 03:28:21', '2020-04-13 04:17:26'),
(402, 334, 'MBVUWJ9C4E', 7235.79, 'processed', '2020-04-13 03:28:21', '2020-04-13 04:17:26'),
(403, 334, '2S5BYETQHG', 11651.08, 'new', '2020-04-13 03:28:21', '2020-04-13 04:17:27'),
(404, 334, 'GLD21NZR0C', 8373.16, 'processed', '2020-04-13 03:28:21', '2020-04-13 04:17:27'),
(405, 335, 'IZ89WCFUNS', 260.41, 'processed', '2020-04-13 03:28:21', '2020-04-13 04:17:27'),
(406, 336, 'PHTCYWV79K', 9391.63, 'new', '2020-04-13 03:28:21', '2020-04-13 04:17:28'),
(407, 336, '54MKSGZWN8', 7975.56, 'processed', '2020-04-13 03:28:21', '2020-04-13 04:17:28'),
(408, 336, 'ZJB3S2IVXY', 10335.05, 'new', '2020-04-13 03:28:21', '2020-04-13 04:17:28'),
(409, 336, '0MDSAPG5TV', 8338.99, 'processed', '2020-04-13 03:28:21', '2020-04-13 04:17:29'),
(410, 337, 'Z4VO56XIET', 3262.07, 'processed', '2020-04-13 03:28:21', '2020-04-13 04:17:29'),
(411, 337, 'BRJKOA2GME', 1702.88, 'processed', '2020-04-13 03:28:21', '2020-04-13 04:17:29'),
(412, 337, 'U9POZNLTME', 406.88, 'new', '2020-04-13 03:28:21', '2020-04-13 04:17:30'),
(413, 338, 'EK49ZTLFIH', 5935.44, 'new', '2020-04-13 03:28:22', '2020-04-13 04:17:30'),
(414, 338, '3XZANLBMF4', 5104.38, 'new', '2020-04-13 03:28:22', '2020-04-13 04:17:30'),
(415, 338, '2J7X6IRY3B', 7066.28, 'processed', '2020-04-13 03:28:22', '2020-04-13 04:17:31'),
(416, 338, 'ZS1KRMYTJG', 8310.24, 'processed', '2020-04-13 03:28:22', '2020-04-13 04:17:31'),
(417, 338, '8KVE4TAW62', 1847.90, 'processed', '2020-04-13 03:28:22', '2020-04-13 04:17:31'),
(418, 339, 'WU6XABVZQL', 4463.44, 'processed', '2020-04-13 03:28:22', '2020-04-13 04:17:31'),
(419, 340, 'UI4KJSXWO7', 1210.30, 'processed', '2020-04-13 03:28:22', '2020-04-13 04:17:31'),
(420, 341, 'CILNG8URYX', 1620.31, 'new', '2020-04-13 03:28:22', '2020-04-13 04:17:31'),
(421, 342, 'BRVYCWK3EA', 2986.10, 'new', '2020-04-13 03:28:23', '2020-04-13 04:17:32'),
(422, 343, 'ZGUJ39C17I', 11046.84, 'new', '2020-04-13 03:28:23', '2020-04-13 04:17:32'),
(423, 343, 'CTON05QM6G', 5659.77, 'new', '2020-04-13 03:28:23', '2020-04-13 04:17:32'),
(424, 343, 'MPJ3DVFORZ', 2126.88, 'processed', '2020-04-13 03:28:23', '2020-04-13 04:17:32'),
(425, 343, '2LJHNSIZ39', 3803.27, 'new', '2020-04-13 03:28:23', '2020-04-13 04:17:33'),
(426, 344, 'VPR3TJM91L', 5305.02, 'processed', '2020-04-13 03:28:23', '2020-04-13 04:17:33'),
(427, 344, 'QUYJ72T8DE', 369.58, 'new', '2020-04-13 03:28:23', '2020-04-13 04:17:33'),
(428, 345, '3U2V0MIYTE', 4583.40, 'new', '2020-04-13 03:28:23', '2020-04-13 04:17:33'),
(429, 346, '8DXTYGCFO0', 520.82, 'processed', '2020-04-13 03:28:23', '2020-04-13 04:17:33'),
(430, 346, '2WY8KMXG5V', 1660.56, 'new', '2020-04-13 03:28:23', '2020-04-13 04:17:33'),
(431, 346, 'O18AX3FRUH', 1822.87, 'processed', '2020-04-13 03:28:23', '2020-04-13 04:17:33'),
(432, 346, 'GXHDJV3ZSC', 2420.60, 'new', '2020-04-13 03:28:23', '2020-04-13 04:17:34'),
(433, 347, 'FAZTH285BP', 2552.19, 'new', '2020-04-13 03:28:23', '2020-04-13 04:17:34'),
(434, 347, 'K5WM1E6T8G', 4838.55, 'new', '2020-04-13 03:28:23', '2020-04-13 04:17:34'),
(435, 347, 'RIV53BE2SC', 2337.53, 'new', '2020-04-13 03:28:24', '2020-04-13 04:17:35'),
(436, 347, '6E5HC3XVTA', 10012.53, 'processed', '2020-04-13 03:28:24', '2020-04-13 04:17:35'),
(437, 348, '6APKDE3INH', 13540.86, 'processed', '2020-04-13 03:28:24', '2020-04-13 04:17:35'),
(438, 349, 'HO15D4IT0G', 6046.16, 'processed', '2020-04-13 03:28:24', '2020-04-13 04:17:36'),
(439, 349, 'JSNRAC539Y', 3118.61, 'processed', '2020-04-13 03:28:24', '2020-04-13 04:17:36'),
(440, 349, 'TVJGY1EZCM', 7854.93, 'processed', '2020-04-13 03:28:24', '2020-04-13 04:17:36'),
(441, 349, 'ULJGM0AC53', 5040.22, 'new', '2020-04-13 03:28:24', '2020-04-13 04:17:36'),
(442, 350, 'EA05NMRW4Q', 4690.50, 'processed', '2020-04-13 03:28:24', '2020-04-13 04:17:37'),
(443, 350, 'W6Y5S0E7MZ', 4463.15, 'new', '2020-04-13 03:28:25', '2020-04-13 04:17:37'),
(444, 351, 'T5KSF24EY1', 1978.23, 'processed', '2020-04-13 03:28:25', '2020-04-13 04:17:38'),
(445, 352, '2A3HZU1LQY', 699.42, 'new', '2020-04-13 03:28:25', '2020-04-13 04:17:38'),
(446, 352, 'HW0AEKTYQ8', 13179.67, 'new', '2020-04-13 03:28:25', '2020-04-13 04:17:38'),
(447, 352, 'WU6X97R82M', 7081.32, 'processed', '2020-04-13 03:28:25', '2020-04-13 04:17:39'),
(448, 352, 'NWHKPDLXRT', 3770.60, 'new', '2020-04-13 03:28:25', '2020-04-13 04:17:39'),
(449, 352, 'NP9TR5G3I4', 2360.88, 'processed', '2020-04-13 03:28:25', '2020-04-13 04:17:39'),
(450, 353, 'JZGFEU1KPC', 2796.06, 'new', '2020-04-13 03:28:25', '2020-04-13 04:17:40'),
(451, 353, 'W7KP3RS401', 1728.00, 'processed', '2020-04-13 03:28:25', '2020-04-13 04:17:40'),
(452, 353, 'DO864TAHK9', 1041.64, 'new', '2020-04-13 03:28:25', '2020-04-13 04:17:40'),
(453, 353, '0TNLQV9HIR', 3091.95, 'new', '2020-04-13 03:28:25', '2020-04-13 04:17:40'),
(454, 353, 'LGQYI19FN5', 12784.94, 'new', '2020-04-13 03:28:25', '2020-04-13 04:17:41'),
(455, 354, 'U2KT5MJYXR', 2360.88, 'processed', '2020-04-13 03:28:26', '2020-04-13 04:17:41'),
(456, 354, '07Z6KN5L12', 2898.06, 'processed', '2020-04-13 03:28:26', '2020-04-13 04:17:41'),
(457, 354, 'GD65U24ZBF', 4661.82, 'processed', '2020-04-13 03:28:26', '2020-04-13 04:17:42'),
(458, 355, 'SNDKGZUWYQ', 3006.37, 'processed', '2020-04-13 03:28:26', '2020-04-13 04:17:42'),
(459, 356, '8LJG2KDPRZ', 9364.01, 'new', '2020-04-13 03:28:26', '2020-04-13 04:17:43'),
(460, 356, 'DKXVZ0TR7S', 2493.39, 'processed', '2020-04-13 03:28:26', '2020-04-13 04:17:43'),
(461, 356, 'VB3KWNDISU', 4384.78, 'processed', '2020-04-13 03:28:27', '2020-04-13 04:17:44'),
(462, 356, 'W1D0O4VNH3', 4196.52, 'new', '2020-04-13 03:28:27', '2020-04-13 04:17:44'),
(463, 357, '409AQZ2UDM', 2639.69, 'new', '2020-04-13 03:28:27', '2020-04-13 04:17:45'),
(464, 357, 'W63OYEAIQH', 1711.14, 'processed', '2020-04-13 03:28:27', '2020-04-13 04:17:45'),
(465, 357, 'U5QS0WPA1T', 3695.75, 'new', '2020-04-13 03:28:27', '2020-04-13 04:17:45'),
(466, 358, '47HSFPWNOE', 6524.54, 'processed', '2020-04-13 03:28:27', '2020-04-13 04:17:45'),
(467, 358, '9QKHBN0ZJY', 13066.67, 'new', '2020-04-13 03:28:27', '2020-04-13 04:17:45'),
(468, 358, 'W0ZIELYCJ5', 3823.54, 'processed', '2020-04-13 03:28:27', '2020-04-13 04:17:46'),
(469, 358, 'AMY0E2HNTB', 19793.42, 'processed', '2020-04-13 03:28:28', '2020-04-13 04:17:46'),
(470, 359, 'SJBYKL96W0', 3407.05, 'new', '2020-04-13 03:28:28', '2020-04-13 04:17:46'),
(471, 359, 'Y5XFH2NAES', 2884.64, 'processed', '2020-04-13 03:28:28', '2020-04-13 04:17:46'),
(472, 359, '5VLF2XBC1T', 5733.92, 'processed', '2020-04-13 03:28:28', '2020-04-13 04:17:47'),
(473, 360, 'TH8X5CMKLA', 4293.74, 'processed', '2020-04-13 03:28:28', '2020-04-13 04:17:48'),
(474, 361, 'DMJ1QAG6IB', 5085.26, 'new', '2020-04-13 03:28:28', '2020-04-13 04:17:49'),
(475, 361, '3DWCQE9LFB', 8151.21, 'processed', '2020-04-13 03:28:28', '2020-04-13 04:17:49'),
(476, 361, '7QUBGW8PRJ', 6063.33, 'processed', '2020-04-13 03:28:28', '2020-04-13 04:17:49'),
(477, 361, 'K0I6DBW8ZR', 11701.42, 'processed', '2020-04-13 03:28:28', '2020-04-13 04:17:50'),
(478, 361, 'W2IRGQBZJ0', 7758.01, 'processed', '2020-04-13 03:28:29', '2020-04-13 04:17:50'),
(479, 362, 'QR395CB2ZP', 10730.46, 'processed', '2020-04-13 03:28:30', '2020-04-13 04:17:50'),
(480, 362, 'RFY4TDQUSM', 7405.23, 'new', '2020-04-13 03:28:30', '2020-04-13 04:17:50'),
(481, 363, 'CL9KMSAEYI', 10411.19, 'processed', '2020-04-13 03:28:31', '2020-04-13 04:17:51'),
(482, 363, 'UWVJ9LE14N', 2678.55, 'processed', '2020-04-13 03:28:32', '2020-04-13 04:17:51'),
(483, 363, '20CXMD3TPA', 12936.94, 'processed', '2020-04-13 03:28:33', '2020-04-13 04:17:52'),
(484, 363, 'LY57HRIZOE', 2217.58, 'processed', '2020-04-13 03:28:33', '2020-04-13 04:17:52'),
(485, 363, 'YLN3GIP82S', 699.42, 'processed', '2020-04-13 03:28:34', '2020-04-13 04:17:52'),
(486, 364, 'AR24JKVBTF', 6979.22, 'new', '2020-04-13 03:28:34', '2020-04-13 04:17:52'),
(487, 364, 'B3GMPFXSQ7', 5595.36, 'new', '2020-04-13 03:28:34', '2020-04-13 04:17:53'),
(488, 364, 'GORSZ2QJ1Y', 447.36, 'processed', '2020-04-13 03:28:34', '2020-04-13 04:17:53'),
(489, 364, 'DEAKMVH1NB', 4151.40, 'processed', '2020-04-13 03:28:34', '2020-04-13 04:17:53'),
(490, 365, '8FOKA7M6QH', 5197.14, 'processed', '2020-04-13 03:28:34', '2020-04-13 04:17:54'),
(491, 366, 'FPCJB13OKN', 932.02, 'processed', '2020-04-13 03:28:34', '2020-04-13 04:17:54'),
(492, 366, '8MYKZODFPJ', 11221.60, 'new', '2020-04-13 03:28:34', '2020-04-13 04:17:54'),
(493, 367, 'TR8BPVNH0G', 6207.70, 'new', '2020-04-13 03:28:34', '2020-04-13 04:17:54'),
(494, 368, 'NY4BP3XJO1', 3457.44, 'processed', '2020-04-13 03:28:34', '2020-04-13 04:17:55'),
(495, 368, 'AEI3URXZYD', 4857.54, 'new', '2020-04-13 03:28:34', '2020-04-13 04:17:55'),
(496, 368, 'EIG6LS3YNO', 4841.20, 'new', '2020-04-13 03:28:35', '2020-04-13 04:17:55'),
(497, 368, 'EPBJHO3KN1', 9071.70, 'new', '2020-04-13 03:28:35', '2020-04-13 04:17:56'),
(498, 369, 'B3QPLKJXGN', 1118.40, 'new', '2020-04-13 03:28:35', '2020-04-13 04:17:56'),
(499, 369, '97U4QTHL8K', 6936.19, 'processed', '2020-04-13 03:28:35', '2020-04-13 04:17:56'),
(500, 369, 'RAX3BHFZC5', 7413.47, 'new', '2020-04-13 03:28:35', '2020-04-13 04:17:57'),
(501, 370, 'Z8MRSWN0U3', 1505.62, 'new', '2020-04-13 03:28:35', '2020-04-13 04:17:57'),
(502, 371, 'G9SWOYZXTN', 14905.17, 'new', '2020-04-13 03:28:35', '2020-04-13 04:17:57'),
(503, 371, '5XGYOL98DR', 5400.12, 'new', '2020-04-13 03:28:35', '2020-04-13 04:17:58'),
(504, 371, 'FTQU8VN6M0', 1822.87, 'new', '2020-04-13 03:28:35', '2020-04-13 04:17:58'),
(505, 371, '7HVT831ZJN', 7329.70, 'processed', '2020-04-13 03:28:36', '2020-04-13 04:17:59'),
(506, 372, 'Z23DORNITU', 3630.90, 'processed', '2020-04-13 03:28:36', '2020-04-13 04:17:59'),
(507, 372, 'KQA5M1GHPU', 3504.79, 'new', '2020-04-13 03:28:36', '2020-04-13 04:17:59'),
(508, 372, '9VX4N0WL6T', 3187.88, 'new', '2020-04-13 03:28:36', '2020-04-13 04:17:59'),
(509, 372, 'FQ6P5YS8XO', 6067.60, 'new', '2020-04-13 03:28:36', '2020-04-13 04:18:00'),
(510, 372, '1INYMOFTKD', 5817.91, 'processed', '2020-04-13 03:28:36', '2020-04-13 04:18:00'),
(511, 373, 'XWUL6M3HCS', 2360.88, 'new', '2020-04-13 03:28:36', '2020-04-13 04:18:00'),
(512, 373, '8E5FOLAGH1', 4962.72, 'processed', '2020-04-13 03:28:36', '2020-04-13 04:18:00'),
(513, 373, 'V6DZJT2NP4', 5816.22, 'new', '2020-04-13 03:28:36', '2020-04-13 04:18:01'),
(514, 373, 'D9ROY13AVM', 1565.76, 'processed', '2020-04-13 03:28:36', '2020-04-13 04:18:01'),
(515, 373, 'ISTDZUWJ31', 2552.19, 'processed', '2020-04-13 03:28:37', '2020-04-13 04:18:01'),
(516, 374, 'KEG837JQZ5', 7277.50, 'processed', '2020-04-13 03:28:37', '2020-04-13 04:18:01'),
(517, 374, '4BQUR8D3GV', 1862.31, 'new', '2020-04-13 03:28:37', '2020-04-13 04:18:01'),
(518, 374, '925HKA8TIO', 4194.09, 'processed', '2020-04-13 03:28:37', '2020-04-13 04:18:01'),
(519, 375, 'ZB7EVX3D4Y', 1417.92, 'processed', '2020-04-13 03:28:37', '2020-04-13 04:18:01'),
(520, 375, '4DZOLRYFC6', 2483.08, 'processed', '2020-04-13 03:28:37', '2020-04-13 04:18:01'),
(521, 375, '07PG2SAJWU', 6161.94, 'processed', '2020-04-13 03:28:37', '2020-04-13 04:18:02'),
(522, 376, 'ORV5IF12EP', 7891.93, 'processed', '2020-04-13 03:28:37', '2020-04-13 04:18:02'),
(523, 376, '4AN3VQ6DJG', 15468.45, 'processed', '2020-04-13 03:28:37', '2020-04-13 04:18:02'),
(524, 377, 'JDRH3XU8SY', 1562.46, 'processed', '2020-04-13 03:28:38', '2020-04-13 04:18:02'),
(525, 377, 'QY8E0PF7LD', 7022.84, 'new', '2020-04-13 03:28:38', '2020-04-13 04:18:02'),
(526, 377, 'SGRX2BOL61', 1918.88, 'processed', '2020-04-13 03:28:38', '2020-04-13 04:18:02'),
(527, 378, 'ARTHZ20ILK', 4236.05, 'new', '2020-04-13 03:28:38', '2020-04-13 04:18:03'),
(528, 378, '31095QBSAU', 4814.80, 'processed', '2020-04-13 03:28:38', '2020-04-13 04:18:03'),
(529, 378, '8Z4A7OP3J6', 1442.32, 'new', '2020-04-13 03:28:38', '2020-04-13 04:18:03'),
(530, 378, 'SLK3EGMCQ5', 13557.45, 'new', '2020-04-13 03:28:38', '2020-04-13 04:18:04'),
(531, 378, '0CJLFSV2B7', 2612.12, 'new', '2020-04-13 03:28:38', '2020-04-13 04:18:04'),
(532, 379, '6AIXBOKQNG', 1302.05, 'new', '2020-04-13 03:28:39', '2020-04-13 04:18:04'),
(533, 379, 'U9FD8YJLNT', 12566.37, 'processed', '2020-04-13 03:28:39', '2020-04-13 04:18:04'),
(534, 379, 'E4L7UHSYTR', 3464.76, 'new', '2020-04-13 03:28:39', '2020-04-13 04:18:04'),
(535, 379, 'CIFMLB5S8U', 5135.91, 'processed', '2020-04-13 03:28:39', '2020-04-13 04:18:05'),
(536, 380, 'P7GQF6LKCB', 7759.44, 'new', '2020-04-13 03:28:39', '2020-04-13 04:18:05'),
(537, 380, '78Q0KPX2JT', 5209.15, 'processed', '2020-04-13 03:28:39', '2020-04-13 04:18:06'),
(538, 380, 'X3QEMU8FAK', 10378.11, 'new', '2020-04-13 03:28:39', '2020-04-13 04:18:06'),
(539, 381, 'RV4E06WYTJ', 3861.59, 'new', '2020-04-13 03:28:39', '2020-04-13 04:18:06'),
(540, 381, 'ECKMY6I1R9', 1424.08, 'new', '2020-04-13 03:28:39', '2020-04-13 04:18:06'),
(541, 382, '5ISDO8WCY4', 923.95, 'processed', '2020-04-13 03:28:39', '2020-04-13 04:18:06'),
(542, 382, '4J0U2PSVL3', 1328.94, 'new', '2020-04-13 03:28:39', '2020-04-13 04:18:07'),
(543, 382, 'KR7SX1509P', 2483.08, 'new', '2020-04-13 03:28:39', '2020-04-13 04:18:07'),
(544, 383, '0VEODGAJ3N', 1864.04, 'new', '2020-04-13 03:28:40', '2020-04-13 04:18:07'),
(545, 383, 'L249X56OGJ', 7963.83, 'processed', '2020-04-13 03:28:40', '2020-04-13 04:18:07'),
(546, 384, 'SJM2HO7UL0', 5515.10, 'processed', '2020-04-13 03:28:40', '2020-04-13 04:18:07'),
(547, 384, '4F3DGQ0MH5', 1533.96, 'new', '2020-04-13 03:28:40', '2020-04-13 04:18:08'),
(548, 384, 'O3XNRJYHT9', 10822.74, 'processed', '2020-04-13 03:28:40', '2020-04-13 04:18:08'),
(549, 384, 'MN4J3YWDEK', 3797.61, 'new', '2020-04-13 03:28:40', '2020-04-13 04:18:08'),
(550, 384, 'EN2CZVSBXR', 5680.65, 'processed', '2020-04-13 03:28:40', '2020-04-13 04:18:09'),
(551, 385, '6NSQJFYXCO', 620.77, 'processed', '2020-04-13 03:28:40', '2020-04-13 04:18:09'),
(552, 385, '5QYL498XOE', 2678.55, 'new', '2020-04-13 03:28:41', '2020-04-13 04:18:09'),
(553, 385, 'U6G8DOS4IX', 10461.48, 'new', '2020-04-13 03:28:41', '2020-04-13 04:18:09'),
(554, 386, 'XOJ1BD3IG6', 2909.78, 'processed', '2020-04-13 03:28:41', '2020-04-13 04:18:09'),
(555, 387, '7I5BQLD6YG', 9926.33, 'new', '2020-04-13 03:28:41', '2020-04-13 04:18:10'),
(556, 388, '13QAZSOY08', 7277.50, 'new', '2020-04-13 03:28:42', '2020-04-13 04:18:10'),
(557, 388, 'J3LI564W2E', 6051.50, 'processed', '2020-04-13 03:28:42', '2020-04-13 04:18:10'),
(558, 388, '8AW5XEOBN3', 11845.15, 'new', '2020-04-13 03:28:43', '2020-04-13 04:18:11'),
(559, 388, '1H7XGPDF5Z', 10044.04, 'processed', '2020-04-13 03:28:43', '2020-04-13 04:18:11'),
(560, 388, '823D5CXKOZ', 7137.14, 'new', '2020-04-13 03:28:43', '2020-04-13 04:18:11'),
(561, 389, 'T6D0KEPM2L', 12167.63, 'processed', '2020-04-13 03:28:43', '2020-04-13 04:18:12');
INSERT INTO `orders` (`id`, `customer_id`, `invoice_number`, `total_amount`, `status`, `created_at`, `updated_at`) VALUES
(562, 389, 'TWDUS8ZCBF', 8989.79, 'new', '2020-04-13 03:28:43', '2020-04-13 04:18:12'),
(563, 390, '09INWC3QJM', 3895.84, 'processed', '2020-04-13 03:28:43', '2020-04-13 04:18:13'),
(564, 390, '1AN4BSH7C8', 12909.63, 'new', '2020-04-13 03:28:43', '2020-04-13 04:18:13'),
(565, 390, 'MN01BALJQ2', 1965.59, 'new', '2020-04-13 03:28:43', '2020-04-13 04:18:13'),
(566, 390, '9DJTB1HFYL', 4683.45, 'new', '2020-04-13 03:28:43', '2020-04-13 04:18:13'),
(567, 390, 'IPT6AD43Q8', 10593.47, 'processed', '2020-04-13 03:28:43', '2020-04-13 04:18:13'),
(568, 391, 'GTF5PMY2LX', 8837.35, 'processed', '2020-04-13 03:28:44', '2020-04-13 04:18:13'),
(569, 391, 'B6DAFO0JRG', 6380.64, 'new', '2020-04-13 03:28:44', '2020-04-13 04:18:14'),
(570, 391, 'NA0PQSMBOL', 1398.84, 'processed', '2020-04-13 03:28:44', '2020-04-13 04:18:14'),
(571, 391, 'JZ3AW67BIC', 2136.93, 'new', '2020-04-13 03:28:44', '2020-04-13 04:18:14'),
(572, 391, 'DAEVILFO3Y', 864.00, 'new', '2020-04-13 03:28:45', '2020-04-13 04:18:14'),
(573, 392, 'XRN8523CMT', 4705.97, 'new', '2020-04-13 03:28:45', '2020-04-13 04:18:14'),
(574, 392, 'IZMH1N08CT', 5861.55, 'processed', '2020-04-13 03:28:45', '2020-04-13 04:18:14'),
(575, 392, 'JBE240KGP1', 12764.53, 'processed', '2020-04-13 03:28:45', '2020-04-13 04:18:14'),
(576, 393, '7901TP82ZA', 2835.84, 'processed', '2020-04-13 03:28:45', '2020-04-13 04:18:15'),
(577, 393, 'KW3ZC5DUE8', 7824.74, 'processed', '2020-04-13 03:28:45', '2020-04-13 04:18:15'),
(578, 393, 'JAZ4BFPG8O', 7795.71, 'processed', '2020-04-13 03:28:45', '2020-04-13 04:18:15'),
(579, 393, 'KE5UN2RZ8P', 147.66, 'processed', '2020-04-13 03:28:45', '2020-04-13 04:18:15'),
(580, 394, 'OFTGM1DS8W', 3754.02, 'new', '2020-04-13 03:28:45', '2020-04-13 04:18:16'),
(581, 394, '25ADET3GW1', 7598.85, 'processed', '2020-04-13 03:28:45', '2020-04-13 04:18:16'),
(582, 394, 'BFYKW87CSX', 147.66, 'new', '2020-04-13 03:28:45', '2020-04-13 04:18:16'),
(583, 394, 'MHK9I0PYTZ', 9299.45, 'processed', '2020-04-13 03:28:45', '2020-04-13 04:18:16'),
(584, 395, 'QFE2RAL70P', 1476.60, 'processed', '2020-04-13 03:28:45', '2020-04-13 04:18:16'),
(585, 396, 'K2F30VDHTS', 894.72, 'processed', '2020-04-13 03:28:45', '2020-04-13 04:18:16'),
(586, 396, '5AM7NVPJX9', 7493.52, 'new', '2020-04-13 03:28:45', '2020-04-13 04:18:16'),
(587, 396, 'AEFDHJGU4B', 15852.66, 'processed', '2020-04-13 03:28:46', '2020-04-13 04:18:17'),
(588, 396, 'ZSXQUB2DL7', 1944.00, 'new', '2020-04-13 03:28:46', '2020-04-13 04:18:17'),
(589, 397, 'D78IGZ2AR6', 13555.16, 'processed', '2020-04-13 03:28:46', '2020-04-13 04:18:18'),
(590, 398, 'OHZCM7AS6X', 10207.14, 'new', '2020-04-13 03:28:46', '2020-04-13 04:18:18'),
(591, 398, '9S5GUP23XY', 2330.05, 'processed', '2020-04-13 03:28:46', '2020-04-13 04:18:18'),
(592, 399, '6DGC5BL0X2', 882.99, 'processed', '2020-04-13 03:28:46', '2020-04-13 04:18:18'),
(593, 400, 'P0RE8V16YD', 4257.82, 'new', '2020-04-13 03:28:46', '2020-04-13 04:18:18'),
(594, 400, '3SQYKLAGN2', 1440.85, 'processed', '2020-04-13 03:28:46', '2020-04-13 04:18:18'),
(595, 400, 'HYABM5X983', 11219.46, 'processed', '2020-04-13 03:28:46', '2020-04-13 04:18:20'),
(596, 400, 'DWSJ4K19B6', 9024.36, 'new', '2020-04-13 03:28:46', '2020-04-13 04:18:20'),
(597, 401, 'D70ZH9AKVM', 2977.89, 'processed', '2020-04-13 03:28:46', '2020-04-13 04:18:21'),
(598, 401, 'NIG61XE9Y0', 6051.50, 'processed', '2020-04-13 03:28:46', '2020-04-13 04:18:21'),
(599, 401, 'I274NAUZ1K', 830.28, 'processed', '2020-04-13 03:28:46', '2020-04-13 04:18:21'),
(600, 401, 'KP3QUH9N8M', 2230.59, 'processed', '2020-04-13 03:28:46', '2020-04-13 04:18:21'),
(601, 401, '7H2EXLF9A3', 3605.80, 'new', '2020-04-13 03:28:47', '2020-04-13 04:18:21');

-- --------------------------------------------------------

--
-- Table structure for table `order_items`
--

CREATE TABLE `order_items` (
  `id` bigint(20) UNSIGNED NOT NULL,
  `order_id` bigint(20) UNSIGNED NOT NULL,
  `product_id` bigint(20) UNSIGNED NOT NULL,
  `quantity` double(8,1) NOT NULL,
  `created_at` timestamp NULL DEFAULT NULL,
  `updated_at` timestamp NULL DEFAULT NULL
) ENGINE=InnoDB DEFAULT CHARSET=utf8mb4 COLLATE=utf8mb4_unicode_ci;

--
-- Dumping data for table `order_items`
--

INSERT INTO `order_items` (`id`, `order_id`, `product_id`, `quantity`, `created_at`, `updated_at`) VALUES
(1, 1, 13, 9.0, '2020-04-13 04:15:45', '2020-04-13 04:15:45'),
(2, 2, 6, 10.0, '2020-04-13 04:15:45', '2020-04-13 04:15:45'),
(3, 2, 7, 4.0, '2020-04-13 04:15:45', '2020-04-13 04:15:45'),
(4, 3, 10, 8.0, '2020-04-13 04:15:45', '2020-04-13 04:15:45'),
(5, 3, 18, 7.0, '2020-04-13 04:15:46', '2020-04-13 04:15:46'),
(6, 4, 16, 3.0, '2020-04-13 04:15:46', '2020-04-13 04:15:46'),
(7, 4, 7, 3.0, '2020-04-13 04:15:46', '2020-04-13 04:15:46'),
(8, 5, 3, 3.0, '2020-04-13 04:15:46', '2020-04-13 04:15:46'),
(9, 6, 2, 8.0, '2020-04-13 04:15:46', '2020-04-13 04:15:46'),
(10, 6, 5, 6.0, '2020-04-13 04:15:46', '2020-04-13 04:15:46'),
(11, 7, 8, 1.0, '2020-04-13 04:15:46', '2020-04-13 04:15:46'),
(12, 7, 2, 1.0, '2020-04-13 04:15:46', '2020-04-13 04:15:46'),
(13, 7, 1, 4.0, '2020-04-13 04:15:46', '2020-04-13 04:15:46'),
(14, 8, 11, 1.0, '2020-04-13 04:15:46', '2020-04-13 04:15:46'),
(15, 9, 18, 8.0, '2020-04-13 04:15:46', '2020-04-13 04:15:46'),
(16, 9, 16, 4.0, '2020-04-13 04:15:46', '2020-04-13 04:15:46'),
(17, 10, 9, 2.0, '2020-04-13 04:15:47', '2020-04-13 04:15:47'),
(18, 10, 10, 2.0, '2020-04-13 04:15:47', '2020-04-13 04:15:47'),
(19, 11, 19, 10.0, '2020-04-13 04:15:47', '2020-04-13 04:15:47'),
(20, 11, 14, 1.0, '2020-04-13 04:15:47', '2020-04-13 04:15:47'),
(21, 11, 18, 3.0, '2020-04-13 04:15:47', '2020-04-13 04:15:47'),
(22, 12, 17, 3.0, '2020-04-13 04:15:47', '2020-04-13 04:15:47'),
(23, 13, 18, 3.0, '2020-04-13 04:15:47', '2020-04-13 04:15:47'),
(24, 14, 15, 5.0, '2020-04-13 04:15:47', '2020-04-13 04:15:47'),
(25, 14, 18, 2.0, '2020-04-13 04:15:47', '2020-04-13 04:15:47'),
(26, 15, 11, 9.0, '2020-04-13 04:15:47', '2020-04-13 04:15:47'),
(27, 16, 16, 2.0, '2020-04-13 04:15:47', '2020-04-13 04:15:47'),
(28, 17, 8, 4.0, '2020-04-13 04:15:48', '2020-04-13 04:15:48'),
(29, 17, 13, 10.0, '2020-04-13 04:15:48', '2020-04-13 04:15:48'),
(30, 18, 7, 4.0, '2020-04-13 04:15:48', '2020-04-13 04:15:48'),
(31, 19, 16, 10.0, '2020-04-13 04:15:48', '2020-04-13 04:15:48'),
(32, 20, 9, 10.0, '2020-04-13 04:15:48', '2020-04-13 04:15:48'),
(33, 21, 1, 5.0, '2020-04-13 04:15:48', '2020-04-13 04:15:48'),
(34, 22, 18, 9.0, '2020-04-13 04:15:48', '2020-04-13 04:15:48'),
(35, 23, 16, 10.0, '2020-04-13 04:15:48', '2020-04-13 04:15:48'),
(36, 23, 12, 6.0, '2020-04-13 04:15:48', '2020-04-13 04:15:48'),
(37, 23, 4, 4.0, '2020-04-13 04:15:48', '2020-04-13 04:15:48'),
(38, 24, 6, 4.0, '2020-04-13 04:15:48', '2020-04-13 04:15:48'),
(39, 25, 14, 7.0, '2020-04-13 04:15:48', '2020-04-13 04:15:48'),
(40, 25, 9, 2.0, '2020-04-13 04:15:48', '2020-04-13 04:15:48'),
(41, 26, 19, 2.0, '2020-04-13 04:15:48', '2020-04-13 04:15:48'),
(42, 26, 10, 7.0, '2020-04-13 04:15:48', '2020-04-13 04:15:48'),
(43, 27, 9, 4.0, '2020-04-13 04:15:48', '2020-04-13 04:15:48'),
(44, 28, 12, 5.0, '2020-04-13 04:15:49', '2020-04-13 04:15:49'),
(45, 29, 8, 5.0, '2020-04-13 04:15:49', '2020-04-13 04:15:49'),
(46, 29, 6, 2.0, '2020-04-13 04:15:49', '2020-04-13 04:15:49'),
(47, 30, 6, 5.0, '2020-04-13 04:15:49', '2020-04-13 04:15:49'),
(48, 31, 7, 8.0, '2020-04-13 04:15:49', '2020-04-13 04:15:49'),
(49, 31, 14, 6.0, '2020-04-13 04:15:49', '2020-04-13 04:15:49'),
(50, 32, 4, 9.0, '2020-04-13 04:15:49', '2020-04-13 04:15:49'),
(51, 33, 4, 8.0, '2020-04-13 04:15:49', '2020-04-13 04:15:49'),
(52, 33, 19, 1.0, '2020-04-13 04:15:49', '2020-04-13 04:15:49'),
(53, 34, 14, 10.0, '2020-04-13 04:15:49', '2020-04-13 04:15:49'),
(54, 34, 20, 7.0, '2020-04-13 04:15:49', '2020-04-13 04:15:49'),
(55, 34, 10, 9.0, '2020-04-13 04:15:49', '2020-04-13 04:15:49'),
(56, 35, 1, 3.0, '2020-04-13 04:15:49', '2020-04-13 04:15:49'),
(57, 35, 15, 3.0, '2020-04-13 04:15:49', '2020-04-13 04:15:49'),
(58, 35, 17, 4.0, '2020-04-13 04:15:49', '2020-04-13 04:15:49'),
(59, 36, 15, 7.0, '2020-04-13 04:15:50', '2020-04-13 04:15:50'),
(60, 36, 13, 9.0, '2020-04-13 04:15:50', '2020-04-13 04:15:50'),
(61, 37, 13, 4.0, '2020-04-13 04:15:50', '2020-04-13 04:15:50'),
(62, 37, 11, 10.0, '2020-04-13 04:15:50', '2020-04-13 04:15:50'),
(63, 38, 9, 3.0, '2020-04-13 04:15:50', '2020-04-13 04:15:50'),
(64, 38, 15, 6.0, '2020-04-13 04:15:50', '2020-04-13 04:15:50'),
(65, 39, 7, 1.0, '2020-04-13 04:15:50', '2020-04-13 04:15:50'),
(66, 39, 20, 9.0, '2020-04-13 04:15:50', '2020-04-13 04:15:50'),
(67, 40, 18, 5.0, '2020-04-13 04:15:51', '2020-04-13 04:15:51'),
(68, 40, 1, 7.0, '2020-04-13 04:15:51', '2020-04-13 04:15:51'),
(69, 41, 13, 8.0, '2020-04-13 04:15:51', '2020-04-13 04:15:51'),
(70, 41, 16, 1.0, '2020-04-13 04:15:51', '2020-04-13 04:15:51'),
(71, 41, 1, 1.0, '2020-04-13 04:15:51', '2020-04-13 04:15:51'),
(72, 42, 7, 10.0, '2020-04-13 04:15:51', '2020-04-13 04:15:51'),
(73, 42, 17, 3.0, '2020-04-13 04:15:51', '2020-04-13 04:15:51'),
(74, 43, 16, 10.0, '2020-04-13 04:15:51', '2020-04-13 04:15:51'),
(75, 43, 9, 2.0, '2020-04-13 04:15:51', '2020-04-13 04:15:51'),
(76, 44, 5, 2.0, '2020-04-13 04:15:51', '2020-04-13 04:15:51'),
(77, 44, 16, 6.0, '2020-04-13 04:15:52', '2020-04-13 04:15:52'),
(78, 45, 11, 8.0, '2020-04-13 04:15:52', '2020-04-13 04:15:52'),
(79, 46, 7, 3.0, '2020-04-13 04:15:52', '2020-04-13 04:15:52'),
(80, 46, 13, 3.0, '2020-04-13 04:15:52', '2020-04-13 04:15:52'),
(81, 47, 17, 3.0, '2020-04-13 04:15:52', '2020-04-13 04:15:52'),
(82, 48, 11, 5.0, '2020-04-13 04:15:52', '2020-04-13 04:15:52'),
(83, 48, 9, 1.0, '2020-04-13 04:15:52', '2020-04-13 04:15:52'),
(84, 48, 1, 9.0, '2020-04-13 04:15:52', '2020-04-13 04:15:52'),
(85, 49, 9, 2.0, '2020-04-13 04:15:53', '2020-04-13 04:15:53'),
(86, 50, 11, 4.0, '2020-04-13 04:15:53', '2020-04-13 04:15:53'),
(87, 50, 5, 5.0, '2020-04-13 04:15:54', '2020-04-13 04:15:54'),
(88, 50, 16, 5.0, '2020-04-13 04:15:54', '2020-04-13 04:15:54'),
(89, 51, 13, 8.0, '2020-04-13 04:15:54', '2020-04-13 04:15:54'),
(90, 51, 18, 1.0, '2020-04-13 04:15:54', '2020-04-13 04:15:54'),
(91, 51, 6, 6.0, '2020-04-13 04:15:54', '2020-04-13 04:15:54'),
(92, 52, 17, 7.0, '2020-04-13 04:15:54', '2020-04-13 04:15:54'),
(93, 53, 13, 2.0, '2020-04-13 04:15:54', '2020-04-13 04:15:54'),
(94, 54, 16, 6.0, '2020-04-13 04:15:54', '2020-04-13 04:15:54'),
(95, 54, 20, 4.0, '2020-04-13 04:15:54', '2020-04-13 04:15:54'),
(96, 54, 14, 7.0, '2020-04-13 04:15:54', '2020-04-13 04:15:54'),
(97, 55, 20, 9.0, '2020-04-13 04:15:54', '2020-04-13 04:15:54'),
(98, 56, 11, 8.0, '2020-04-13 04:15:54', '2020-04-13 04:15:54'),
(99, 57, 19, 9.0, '2020-04-13 04:15:54', '2020-04-13 04:15:54'),
(100, 58, 20, 10.0, '2020-04-13 04:15:54', '2020-04-13 04:15:54'),
(101, 59, 10, 4.0, '2020-04-13 04:15:54', '2020-04-13 04:15:54'),
(102, 59, 13, 4.0, '2020-04-13 04:15:55', '2020-04-13 04:15:55'),
(103, 59, 1, 7.0, '2020-04-13 04:15:55', '2020-04-13 04:15:55'),
(104, 60, 1, 2.0, '2020-04-13 04:15:55', '2020-04-13 04:15:55'),
(105, 60, 4, 1.0, '2020-04-13 04:15:55', '2020-04-13 04:15:55'),
(106, 60, 7, 7.0, '2020-04-13 04:15:55', '2020-04-13 04:15:55'),
(107, 61, 16, 5.0, '2020-04-13 04:15:55', '2020-04-13 04:15:55'),
(108, 62, 11, 8.0, '2020-04-13 04:15:55', '2020-04-13 04:15:55'),
(109, 63, 17, 3.0, '2020-04-13 04:15:55', '2020-04-13 04:15:55'),
(110, 63, 1, 10.0, '2020-04-13 04:15:55', '2020-04-13 04:15:55'),
(111, 63, 14, 7.0, '2020-04-13 04:15:55', '2020-04-13 04:15:55'),
(112, 64, 13, 8.0, '2020-04-13 04:15:55', '2020-04-13 04:15:55'),
(113, 65, 13, 9.0, '2020-04-13 04:15:55', '2020-04-13 04:15:55'),
(114, 65, 7, 4.0, '2020-04-13 04:15:55', '2020-04-13 04:15:55'),
(115, 66, 17, 6.0, '2020-04-13 04:15:55', '2020-04-13 04:15:55'),
(116, 67, 13, 9.0, '2020-04-13 04:15:55', '2020-04-13 04:15:55'),
(117, 67, 19, 2.0, '2020-04-13 04:15:55', '2020-04-13 04:15:55'),
(118, 68, 17, 9.0, '2020-04-13 04:15:55', '2020-04-13 04:15:55'),
(119, 68, 4, 2.0, '2020-04-13 04:15:55', '2020-04-13 04:15:55'),
(120, 69, 11, 7.0, '2020-04-13 04:15:56', '2020-04-13 04:15:56'),
(121, 70, 20, 7.0, '2020-04-13 04:15:56', '2020-04-13 04:15:56'),
(122, 70, 1, 7.0, '2020-04-13 04:15:56', '2020-04-13 04:15:56'),
(123, 71, 12, 3.0, '2020-04-13 04:15:56', '2020-04-13 04:15:56'),
(124, 71, 14, 2.0, '2020-04-13 04:15:56', '2020-04-13 04:15:56'),
(125, 72, 9, 1.0, '2020-04-13 04:15:56', '2020-04-13 04:15:56'),
(126, 72, 6, 5.0, '2020-04-13 04:15:56', '2020-04-13 04:15:56'),
(127, 72, 18, 8.0, '2020-04-13 04:15:56', '2020-04-13 04:15:56'),
(128, 73, 1, 9.0, '2020-04-13 04:15:56', '2020-04-13 04:15:56'),
(129, 74, 20, 9.0, '2020-04-13 04:15:57', '2020-04-13 04:15:57'),
(130, 74, 9, 6.0, '2020-04-13 04:15:57', '2020-04-13 04:15:57'),
(131, 75, 6, 9.0, '2020-04-13 04:15:57', '2020-04-13 04:15:57'),
(132, 76, 10, 8.0, '2020-04-13 04:15:57', '2020-04-13 04:15:57'),
(133, 77, 8, 4.0, '2020-04-13 04:15:57', '2020-04-13 04:15:57'),
(134, 77, 13, 9.0, '2020-04-13 04:15:57', '2020-04-13 04:15:57'),
(135, 77, 18, 1.0, '2020-04-13 04:15:57', '2020-04-13 04:15:57'),
(136, 78, 18, 7.0, '2020-04-13 04:15:57', '2020-04-13 04:15:57'),
(137, 78, 8, 8.0, '2020-04-13 04:15:57', '2020-04-13 04:15:57'),
(138, 78, 7, 5.0, '2020-04-13 04:15:57', '2020-04-13 04:15:57'),
(139, 79, 8, 6.0, '2020-04-13 04:15:57', '2020-04-13 04:15:57'),
(140, 80, 11, 9.0, '2020-04-13 04:15:57', '2020-04-13 04:15:57'),
(141, 80, 1, 7.0, '2020-04-13 04:15:57', '2020-04-13 04:15:57'),
(142, 81, 14, 7.0, '2020-04-13 04:15:58', '2020-04-13 04:15:58'),
(143, 82, 20, 6.0, '2020-04-13 04:15:58', '2020-04-13 04:15:58'),
(144, 83, 14, 4.0, '2020-04-13 04:15:58', '2020-04-13 04:15:58'),
(145, 83, 13, 4.0, '2020-04-13 04:15:58', '2020-04-13 04:15:58'),
(146, 83, 17, 6.0, '2020-04-13 04:15:58', '2020-04-13 04:15:58'),
(147, 84, 15, 1.0, '2020-04-13 04:15:58', '2020-04-13 04:15:58'),
(148, 84, 8, 3.0, '2020-04-13 04:15:58', '2020-04-13 04:15:58'),
(149, 85, 17, 4.0, '2020-04-13 04:15:58', '2020-04-13 04:15:58'),
(150, 85, 4, 3.0, '2020-04-13 04:15:58', '2020-04-13 04:15:58'),
(151, 85, 7, 9.0, '2020-04-13 04:15:58', '2020-04-13 04:15:58'),
(152, 86, 14, 7.0, '2020-04-13 04:15:58', '2020-04-13 04:15:58'),
(153, 86, 8, 8.0, '2020-04-13 04:15:58', '2020-04-13 04:15:58'),
(154, 87, 16, 8.0, '2020-04-13 04:15:58', '2020-04-13 04:15:58'),
(155, 88, 5, 6.0, '2020-04-13 04:15:59', '2020-04-13 04:15:59'),
(156, 89, 16, 10.0, '2020-04-13 04:15:59', '2020-04-13 04:15:59'),
(157, 89, 12, 8.0, '2020-04-13 04:15:59', '2020-04-13 04:15:59'),
(158, 89, 15, 3.0, '2020-04-13 04:15:59', '2020-04-13 04:15:59'),
(159, 90, 5, 5.0, '2020-04-13 04:15:59', '2020-04-13 04:15:59'),
(160, 90, 19, 10.0, '2020-04-13 04:15:59', '2020-04-13 04:15:59'),
(161, 91, 3, 3.0, '2020-04-13 04:15:59', '2020-04-13 04:15:59'),
(162, 91, 18, 6.0, '2020-04-13 04:15:59', '2020-04-13 04:15:59'),
(163, 91, 19, 7.0, '2020-04-13 04:15:59', '2020-04-13 04:15:59'),
(164, 92, 12, 8.0, '2020-04-13 04:16:00', '2020-04-13 04:16:00'),
(165, 92, 7, 5.0, '2020-04-13 04:16:00', '2020-04-13 04:16:00'),
(166, 92, 17, 7.0, '2020-04-13 04:16:00', '2020-04-13 04:16:00'),
(167, 93, 7, 3.0, '2020-04-13 04:16:00', '2020-04-13 04:16:00'),
(168, 93, 8, 2.0, '2020-04-13 04:16:00', '2020-04-13 04:16:00'),
(169, 94, 16, 6.0, '2020-04-13 04:16:00', '2020-04-13 04:16:00'),
(170, 94, 9, 8.0, '2020-04-13 04:16:00', '2020-04-13 04:16:00'),
(171, 95, 9, 8.0, '2020-04-13 04:16:00', '2020-04-13 04:16:00'),
(172, 95, 8, 9.0, '2020-04-13 04:16:00', '2020-04-13 04:16:00'),
(173, 95, 17, 2.0, '2020-04-13 04:16:00', '2020-04-13 04:16:00'),
(174, 96, 1, 9.0, '2020-04-13 04:16:01', '2020-04-13 04:16:01'),
(175, 96, 12, 6.0, '2020-04-13 04:16:01', '2020-04-13 04:16:01'),
(176, 97, 18, 2.0, '2020-04-13 04:16:01', '2020-04-13 04:16:01'),
(177, 98, 5, 5.0, '2020-04-13 04:16:01', '2020-04-13 04:16:01'),
(178, 98, 11, 3.0, '2020-04-13 04:16:01', '2020-04-13 04:16:01'),
(179, 98, 15, 9.0, '2020-04-13 04:16:01', '2020-04-13 04:16:01'),
(180, 99, 13, 4.0, '2020-04-13 04:16:01', '2020-04-13 04:16:01'),
(181, 99, 18, 4.0, '2020-04-13 04:16:01', '2020-04-13 04:16:01'),
(182, 99, 15, 1.0, '2020-04-13 04:16:02', '2020-04-13 04:16:02'),
(183, 100, 7, 8.0, '2020-04-13 04:16:02', '2020-04-13 04:16:02'),
(184, 100, 15, 6.0, '2020-04-13 04:16:02', '2020-04-13 04:16:02'),
(185, 101, 5, 7.0, '2020-04-13 04:16:02', '2020-04-13 04:16:02'),
(186, 102, 20, 4.0, '2020-04-13 04:16:02', '2020-04-13 04:16:02'),
(187, 103, 6, 6.0, '2020-04-13 04:16:02', '2020-04-13 04:16:02'),
(188, 104, 14, 7.0, '2020-04-13 04:16:02', '2020-04-13 04:16:02'),
(189, 104, 4, 10.0, '2020-04-13 04:16:02', '2020-04-13 04:16:02'),
(190, 105, 18, 10.0, '2020-04-13 04:16:03', '2020-04-13 04:16:03'),
(191, 105, 1, 8.0, '2020-04-13 04:16:03', '2020-04-13 04:16:03'),
(192, 106, 2, 9.0, '2020-04-13 04:16:03', '2020-04-13 04:16:03'),
(193, 106, 3, 3.0, '2020-04-13 04:16:03', '2020-04-13 04:16:03'),
(194, 107, 7, 2.0, '2020-04-13 04:16:03', '2020-04-13 04:16:03'),
(195, 107, 10, 2.0, '2020-04-13 04:16:03', '2020-04-13 04:16:03'),
(196, 107, 4, 4.0, '2020-04-13 04:16:03', '2020-04-13 04:16:03'),
(197, 108, 10, 7.0, '2020-04-13 04:16:03', '2020-04-13 04:16:03'),
(198, 108, 16, 10.0, '2020-04-13 04:16:03', '2020-04-13 04:16:03'),
(199, 108, 13, 6.0, '2020-04-13 04:16:03', '2020-04-13 04:16:03'),
(200, 109, 4, 10.0, '2020-04-13 04:16:03', '2020-04-13 04:16:03'),
(201, 109, 9, 8.0, '2020-04-13 04:16:04', '2020-04-13 04:16:04'),
(202, 110, 15, 5.0, '2020-04-13 04:16:04', '2020-04-13 04:16:04'),
(203, 110, 13, 5.0, '2020-04-13 04:16:04', '2020-04-13 04:16:04'),
(204, 111, 15, 1.0, '2020-04-13 04:16:04', '2020-04-13 04:16:04'),
(205, 111, 13, 5.0, '2020-04-13 04:16:04', '2020-04-13 04:16:04'),
(206, 112, 7, 1.0, '2020-04-13 04:16:05', '2020-04-13 04:16:05'),
(207, 113, 17, 2.0, '2020-04-13 04:16:05', '2020-04-13 04:16:05'),
(208, 114, 20, 2.0, '2020-04-13 04:16:05', '2020-04-13 04:16:05'),
(209, 115, 2, 8.0, '2020-04-13 04:16:05', '2020-04-13 04:16:05'),
(210, 115, 7, 6.0, '2020-04-13 04:16:05', '2020-04-13 04:16:05'),
(211, 116, 12, 3.0, '2020-04-13 04:16:05', '2020-04-13 04:16:05'),
(212, 116, 3, 4.0, '2020-04-13 04:16:05', '2020-04-13 04:16:05'),
(213, 116, 16, 8.0, '2020-04-13 04:16:05', '2020-04-13 04:16:05'),
(214, 117, 3, 6.0, '2020-04-13 04:16:06', '2020-04-13 04:16:06'),
(215, 117, 4, 7.0, '2020-04-13 04:16:06', '2020-04-13 04:16:06'),
(216, 117, 5, 7.0, '2020-04-13 04:16:06', '2020-04-13 04:16:06'),
(217, 118, 9, 9.0, '2020-04-13 04:16:06', '2020-04-13 04:16:06'),
(218, 119, 13, 6.0, '2020-04-13 04:16:06', '2020-04-13 04:16:06'),
(219, 119, 15, 2.0, '2020-04-13 04:16:06', '2020-04-13 04:16:06'),
(220, 120, 20, 9.0, '2020-04-13 04:16:07', '2020-04-13 04:16:07'),
(221, 121, 16, 3.0, '2020-04-13 04:16:07', '2020-04-13 04:16:07'),
(222, 122, 4, 2.0, '2020-04-13 04:16:07', '2020-04-13 04:16:07'),
(223, 122, 19, 9.0, '2020-04-13 04:16:07', '2020-04-13 04:16:07'),
(224, 123, 8, 5.0, '2020-04-13 04:16:07', '2020-04-13 04:16:07'),
(225, 123, 5, 1.0, '2020-04-13 04:16:07', '2020-04-13 04:16:07'),
(226, 123, 9, 4.0, '2020-04-13 04:16:08', '2020-04-13 04:16:08'),
(227, 124, 4, 8.0, '2020-04-13 04:16:08', '2020-04-13 04:16:08'),
(228, 125, 18, 8.0, '2020-04-13 04:16:08', '2020-04-13 04:16:08'),
(229, 125, 11, 9.0, '2020-04-13 04:16:08', '2020-04-13 04:16:08'),
(230, 125, 8, 5.0, '2020-04-13 04:16:08', '2020-04-13 04:16:08'),
(231, 126, 9, 3.0, '2020-04-13 04:16:08', '2020-04-13 04:16:08'),
(232, 127, 7, 1.0, '2020-04-13 04:16:08', '2020-04-13 04:16:08'),
(233, 127, 10, 8.0, '2020-04-13 04:16:08', '2020-04-13 04:16:08'),
(234, 127, 12, 6.0, '2020-04-13 04:16:08', '2020-04-13 04:16:08'),
(235, 128, 19, 7.0, '2020-04-13 04:16:08', '2020-04-13 04:16:08'),
(236, 128, 7, 2.0, '2020-04-13 04:16:09', '2020-04-13 04:16:09'),
(237, 128, 9, 8.0, '2020-04-13 04:16:09', '2020-04-13 04:16:09'),
(238, 129, 16, 2.0, '2020-04-13 04:16:09', '2020-04-13 04:16:09'),
(239, 130, 3, 1.0, '2020-04-13 04:16:09', '2020-04-13 04:16:09'),
(240, 130, 1, 4.0, '2020-04-13 04:16:09', '2020-04-13 04:16:09'),
(241, 130, 2, 6.0, '2020-04-13 04:16:09', '2020-04-13 04:16:09'),
(242, 131, 12, 1.0, '2020-04-13 04:16:09', '2020-04-13 04:16:09'),
(243, 131, 4, 7.0, '2020-04-13 04:16:09', '2020-04-13 04:16:09'),
(244, 131, 8, 8.0, '2020-04-13 04:16:09', '2020-04-13 04:16:09'),
(245, 132, 12, 7.0, '2020-04-13 04:16:09', '2020-04-13 04:16:09'),
(246, 133, 6, 4.0, '2020-04-13 04:16:09', '2020-04-13 04:16:09'),
(247, 133, 7, 10.0, '2020-04-13 04:16:09', '2020-04-13 04:16:09'),
(248, 133, 17, 7.0, '2020-04-13 04:16:09', '2020-04-13 04:16:09'),
(249, 134, 2, 3.0, '2020-04-13 04:16:10', '2020-04-13 04:16:10'),
(250, 135, 3, 5.0, '2020-04-13 04:16:10', '2020-04-13 04:16:10'),
(251, 136, 4, 7.0, '2020-04-13 04:16:10', '2020-04-13 04:16:10'),
(252, 137, 8, 4.0, '2020-04-13 04:16:10', '2020-04-13 04:16:10'),
(253, 137, 1, 10.0, '2020-04-13 04:16:10', '2020-04-13 04:16:10'),
(254, 138, 18, 1.0, '2020-04-13 04:16:10', '2020-04-13 04:16:10'),
(255, 139, 3, 2.0, '2020-04-13 04:16:10', '2020-04-13 04:16:10'),
(256, 139, 12, 4.0, '2020-04-13 04:16:10', '2020-04-13 04:16:10'),
(257, 139, 20, 5.0, '2020-04-13 04:16:10', '2020-04-13 04:16:10'),
(258, 140, 7, 2.0, '2020-04-13 04:16:10', '2020-04-13 04:16:10'),
(259, 140, 17, 8.0, '2020-04-13 04:16:10', '2020-04-13 04:16:10'),
(260, 140, 11, 10.0, '2020-04-13 04:16:10', '2020-04-13 04:16:10'),
(261, 141, 12, 5.0, '2020-04-13 04:16:11', '2020-04-13 04:16:11'),
(262, 141, 17, 5.0, '2020-04-13 04:16:11', '2020-04-13 04:16:11'),
(263, 141, 7, 9.0, '2020-04-13 04:16:11', '2020-04-13 04:16:11'),
(264, 142, 11, 5.0, '2020-04-13 04:16:11', '2020-04-13 04:16:11'),
(265, 143, 14, 6.0, '2020-04-13 04:16:11', '2020-04-13 04:16:11'),
(266, 143, 17, 2.0, '2020-04-13 04:16:11', '2020-04-13 04:16:11'),
(267, 144, 16, 3.0, '2020-04-13 04:16:12', '2020-04-13 04:16:12'),
(268, 145, 1, 6.0, '2020-04-13 04:16:12', '2020-04-13 04:16:12'),
(269, 145, 7, 2.0, '2020-04-13 04:16:12', '2020-04-13 04:16:12'),
(270, 145, 8, 9.0, '2020-04-13 04:16:12', '2020-04-13 04:16:12'),
(271, 146, 6, 2.0, '2020-04-13 04:16:12', '2020-04-13 04:16:12'),
(272, 147, 11, 6.0, '2020-04-13 04:16:12', '2020-04-13 04:16:12'),
(273, 147, 15, 6.0, '2020-04-13 04:16:12', '2020-04-13 04:16:12'),
(274, 148, 13, 10.0, '2020-04-13 04:16:12', '2020-04-13 04:16:12'),
(275, 149, 11, 3.0, '2020-04-13 04:16:13', '2020-04-13 04:16:13'),
(276, 150, 15, 3.0, '2020-04-13 04:16:13', '2020-04-13 04:16:13'),
(277, 151, 2, 9.0, '2020-04-13 04:16:13', '2020-04-13 04:16:13'),
(278, 151, 17, 3.0, '2020-04-13 04:16:13', '2020-04-13 04:16:13'),
(279, 151, 16, 7.0, '2020-04-13 04:16:13', '2020-04-13 04:16:13'),
(280, 152, 17, 7.0, '2020-04-13 04:16:13', '2020-04-13 04:16:13'),
(281, 152, 4, 9.0, '2020-04-13 04:16:13', '2020-04-13 04:16:13'),
(282, 153, 4, 1.0, '2020-04-13 04:16:13', '2020-04-13 04:16:13'),
(283, 153, 18, 10.0, '2020-04-13 04:16:14', '2020-04-13 04:16:14'),
(284, 154, 6, 3.0, '2020-04-13 04:16:14', '2020-04-13 04:16:14'),
(285, 154, 12, 10.0, '2020-04-13 04:16:14', '2020-04-13 04:16:14'),
(286, 155, 13, 3.0, '2020-04-13 04:16:14', '2020-04-13 04:16:14'),
(287, 155, 15, 10.0, '2020-04-13 04:16:14', '2020-04-13 04:16:14'),
(288, 156, 6, 7.0, '2020-04-13 04:16:14', '2020-04-13 04:16:14'),
(289, 156, 18, 10.0, '2020-04-13 04:16:14', '2020-04-13 04:16:14'),
(290, 157, 18, 10.0, '2020-04-13 04:16:14', '2020-04-13 04:16:14'),
(291, 157, 10, 5.0, '2020-04-13 04:16:15', '2020-04-13 04:16:15'),
(292, 157, 8, 8.0, '2020-04-13 04:16:15', '2020-04-13 04:16:15'),
(293, 158, 19, 2.0, '2020-04-13 04:16:15', '2020-04-13 04:16:15'),
(294, 159, 9, 8.0, '2020-04-13 04:16:15', '2020-04-13 04:16:15'),
(295, 159, 12, 10.0, '2020-04-13 04:16:15', '2020-04-13 04:16:15'),
(296, 160, 5, 1.0, '2020-04-13 04:16:15', '2020-04-13 04:16:15'),
(297, 160, 1, 10.0, '2020-04-13 04:16:15', '2020-04-13 04:16:15'),
(298, 160, 14, 7.0, '2020-04-13 04:16:15', '2020-04-13 04:16:15'),
(299, 161, 6, 9.0, '2020-04-13 04:16:16', '2020-04-13 04:16:16'),
(300, 161, 2, 6.0, '2020-04-13 04:16:16', '2020-04-13 04:16:16'),
(301, 162, 10, 6.0, '2020-04-13 04:16:16', '2020-04-13 04:16:16'),
(302, 162, 7, 4.0, '2020-04-13 04:16:16', '2020-04-13 04:16:16'),
(303, 162, 8, 10.0, '2020-04-13 04:16:17', '2020-04-13 04:16:17'),
(304, 163, 9, 8.0, '2020-04-13 04:16:17', '2020-04-13 04:16:17'),
(305, 163, 11, 6.0, '2020-04-13 04:16:17', '2020-04-13 04:16:17'),
(306, 163, 18, 9.0, '2020-04-13 04:16:17', '2020-04-13 04:16:17'),
(307, 164, 20, 5.0, '2020-04-13 04:16:17', '2020-04-13 04:16:17'),
(308, 164, 6, 7.0, '2020-04-13 04:16:17', '2020-04-13 04:16:17'),
(309, 164, 9, 7.0, '2020-04-13 04:16:17', '2020-04-13 04:16:17'),
(310, 165, 5, 4.0, '2020-04-13 04:16:18', '2020-04-13 04:16:18'),
(311, 165, 19, 1.0, '2020-04-13 04:16:18', '2020-04-13 04:16:18'),
(312, 166, 13, 4.0, '2020-04-13 04:16:18', '2020-04-13 04:16:18'),
(313, 166, 12, 7.0, '2020-04-13 04:16:18', '2020-04-13 04:16:18'),
(314, 167, 1, 3.0, '2020-04-13 04:16:18', '2020-04-13 04:16:18'),
(315, 167, 5, 3.0, '2020-04-13 04:16:19', '2020-04-13 04:16:19'),
(316, 168, 12, 2.0, '2020-04-13 04:16:19', '2020-04-13 04:16:19'),
(317, 169, 4, 10.0, '2020-04-13 04:16:19', '2020-04-13 04:16:19'),
(318, 169, 16, 1.0, '2020-04-13 04:16:19', '2020-04-13 04:16:19'),
(319, 169, 14, 2.0, '2020-04-13 04:16:19', '2020-04-13 04:16:19'),
(320, 170, 3, 3.0, '2020-04-13 04:16:19', '2020-04-13 04:16:19'),
(321, 170, 12, 6.0, '2020-04-13 04:16:19', '2020-04-13 04:16:19'),
(322, 170, 19, 8.0, '2020-04-13 04:16:19', '2020-04-13 04:16:19'),
(323, 171, 6, 3.0, '2020-04-13 04:16:19', '2020-04-13 04:16:19'),
(324, 171, 5, 9.0, '2020-04-13 04:16:19', '2020-04-13 04:16:19'),
(325, 172, 9, 1.0, '2020-04-13 04:16:20', '2020-04-13 04:16:20'),
(326, 172, 5, 8.0, '2020-04-13 04:16:20', '2020-04-13 04:16:20'),
(327, 173, 15, 10.0, '2020-04-13 04:16:20', '2020-04-13 04:16:20'),
(328, 174, 6, 7.0, '2020-04-13 04:16:20', '2020-04-13 04:16:20'),
(329, 174, 16, 4.0, '2020-04-13 04:16:20', '2020-04-13 04:16:20'),
(330, 175, 9, 9.0, '2020-04-13 04:16:20', '2020-04-13 04:16:20'),
(331, 175, 18, 2.0, '2020-04-13 04:16:20', '2020-04-13 04:16:20'),
(332, 176, 19, 10.0, '2020-04-13 04:16:20', '2020-04-13 04:16:20'),
(333, 176, 12, 10.0, '2020-04-13 04:16:20', '2020-04-13 04:16:20'),
(334, 176, 15, 8.0, '2020-04-13 04:16:20', '2020-04-13 04:16:20'),
(335, 177, 14, 8.0, '2020-04-13 04:16:21', '2020-04-13 04:16:21'),
(336, 178, 16, 4.0, '2020-04-13 04:16:21', '2020-04-13 04:16:21'),
(337, 178, 2, 8.0, '2020-04-13 04:16:21', '2020-04-13 04:16:21'),
(338, 178, 14, 8.0, '2020-04-13 04:16:21', '2020-04-13 04:16:21'),
(339, 179, 1, 4.0, '2020-04-13 04:16:21', '2020-04-13 04:16:21'),
(340, 179, 15, 10.0, '2020-04-13 04:16:21', '2020-04-13 04:16:21'),
(341, 179, 18, 2.0, '2020-04-13 04:16:22', '2020-04-13 04:16:22'),
(342, 180, 6, 3.0, '2020-04-13 04:16:22', '2020-04-13 04:16:22'),
(343, 181, 1, 5.0, '2020-04-13 04:16:22', '2020-04-13 04:16:22'),
(344, 182, 2, 7.0, '2020-04-13 04:16:22', '2020-04-13 04:16:22'),
(345, 183, 15, 8.0, '2020-04-13 04:16:22', '2020-04-13 04:16:22'),
(346, 183, 8, 4.0, '2020-04-13 04:16:22', '2020-04-13 04:16:22'),
(347, 183, 12, 3.0, '2020-04-13 04:16:22', '2020-04-13 04:16:22'),
(348, 184, 12, 7.0, '2020-04-13 04:16:23', '2020-04-13 04:16:23'),
(349, 184, 9, 7.0, '2020-04-13 04:16:23', '2020-04-13 04:16:23'),
(350, 185, 11, 7.0, '2020-04-13 04:16:23', '2020-04-13 04:16:23'),
(351, 185, 18, 9.0, '2020-04-13 04:16:23', '2020-04-13 04:16:23'),
(352, 186, 18, 6.0, '2020-04-13 04:16:23', '2020-04-13 04:16:23'),
(353, 187, 4, 5.0, '2020-04-13 04:16:23', '2020-04-13 04:16:23'),
(354, 188, 6, 4.0, '2020-04-13 04:16:23', '2020-04-13 04:16:23'),
(355, 188, 14, 4.0, '2020-04-13 04:16:24', '2020-04-13 04:16:24'),
(356, 189, 9, 6.0, '2020-04-13 04:16:24', '2020-04-13 04:16:24'),
(357, 189, 12, 2.0, '2020-04-13 04:16:24', '2020-04-13 04:16:24'),
(358, 190, 10, 3.0, '2020-04-13 04:16:24', '2020-04-13 04:16:24'),
(359, 190, 1, 7.0, '2020-04-13 04:16:24', '2020-04-13 04:16:24'),
(360, 190, 13, 6.0, '2020-04-13 04:16:24', '2020-04-13 04:16:24'),
(361, 191, 20, 8.0, '2020-04-13 04:16:24', '2020-04-13 04:16:24'),
(362, 191, 15, 4.0, '2020-04-13 04:16:25', '2020-04-13 04:16:25'),
(363, 191, 16, 6.0, '2020-04-13 04:16:25', '2020-04-13 04:16:25'),
(364, 192, 4, 9.0, '2020-04-13 04:16:25', '2020-04-13 04:16:25'),
(365, 193, 20, 6.0, '2020-04-13 04:16:25', '2020-04-13 04:16:25'),
(366, 194, 19, 10.0, '2020-04-13 04:16:25', '2020-04-13 04:16:25'),
(367, 195, 13, 1.0, '2020-04-13 04:16:25', '2020-04-13 04:16:25'),
(368, 196, 12, 9.0, '2020-04-13 04:16:25', '2020-04-13 04:16:25'),
(369, 196, 8, 6.0, '2020-04-13 04:16:26', '2020-04-13 04:16:26'),
(370, 197, 8, 2.0, '2020-04-13 04:16:26', '2020-04-13 04:16:26'),
(371, 198, 11, 6.0, '2020-04-13 04:16:26', '2020-04-13 04:16:26'),
(372, 198, 1, 8.0, '2020-04-13 04:16:26', '2020-04-13 04:16:26'),
(373, 198, 12, 4.0, '2020-04-13 04:16:27', '2020-04-13 04:16:27'),
(374, 199, 2, 4.0, '2020-04-13 04:16:27', '2020-04-13 04:16:27'),
(375, 200, 7, 10.0, '2020-04-13 04:16:27', '2020-04-13 04:16:27'),
(376, 200, 9, 9.0, '2020-04-13 04:16:27', '2020-04-13 04:16:27'),
(377, 201, 16, 4.0, '2020-04-13 04:16:27', '2020-04-13 04:16:27'),
(378, 201, 12, 5.0, '2020-04-13 04:16:27', '2020-04-13 04:16:27'),
(379, 202, 9, 8.0, '2020-04-13 04:16:28', '2020-04-13 04:16:28'),
(380, 202, 1, 3.0, '2020-04-13 04:16:28', '2020-04-13 04:16:28'),
(381, 202, 5, 4.0, '2020-04-13 04:16:28', '2020-04-13 04:16:28'),
(382, 203, 8, 5.0, '2020-04-13 04:16:28', '2020-04-13 04:16:28'),
(383, 203, 18, 2.0, '2020-04-13 04:16:28', '2020-04-13 04:16:28'),
(384, 203, 11, 10.0, '2020-04-13 04:16:29', '2020-04-13 04:16:29'),
(385, 204, 19, 2.0, '2020-04-13 04:16:29', '2020-04-13 04:16:29'),
(386, 204, 14, 9.0, '2020-04-13 04:16:29', '2020-04-13 04:16:29'),
(387, 204, 16, 4.0, '2020-04-13 04:16:29', '2020-04-13 04:16:29'),
(388, 205, 3, 2.0, '2020-04-13 04:16:29', '2020-04-13 04:16:29'),
(389, 206, 11, 10.0, '2020-04-13 04:16:29', '2020-04-13 04:16:29'),
(390, 207, 9, 1.0, '2020-04-13 04:16:30', '2020-04-13 04:16:30'),
(391, 207, 18, 9.0, '2020-04-13 04:16:30', '2020-04-13 04:16:30'),
(392, 208, 17, 9.0, '2020-04-13 04:16:30', '2020-04-13 04:16:30'),
(393, 208, 10, 6.0, '2020-04-13 04:16:30', '2020-04-13 04:16:30'),
(394, 208, 19, 2.0, '2020-04-13 04:16:30', '2020-04-13 04:16:30'),
(395, 209, 19, 9.0, '2020-04-13 04:16:30', '2020-04-13 04:16:30'),
(396, 210, 12, 10.0, '2020-04-13 04:16:30', '2020-04-13 04:16:30'),
(397, 211, 8, 7.0, '2020-04-13 04:16:30', '2020-04-13 04:16:30'),
(398, 211, 5, 2.0, '2020-04-13 04:16:30', '2020-04-13 04:16:30'),
(399, 212, 17, 8.0, '2020-04-13 04:16:30', '2020-04-13 04:16:30'),
(400, 213, 19, 6.0, '2020-04-13 04:16:30', '2020-04-13 04:16:30'),
(401, 213, 15, 5.0, '2020-04-13 04:16:31', '2020-04-13 04:16:31'),
(402, 214, 9, 10.0, '2020-04-13 04:16:31', '2020-04-13 04:16:31'),
(403, 215, 15, 5.0, '2020-04-13 04:16:31', '2020-04-13 04:16:31'),
(404, 216, 8, 10.0, '2020-04-13 04:16:31', '2020-04-13 04:16:31'),
(405, 216, 2, 5.0, '2020-04-13 04:16:31', '2020-04-13 04:16:31'),
(406, 217, 7, 10.0, '2020-04-13 04:16:31', '2020-04-13 04:16:31'),
(407, 217, 13, 5.0, '2020-04-13 04:16:31', '2020-04-13 04:16:31'),
(408, 217, 1, 5.0, '2020-04-13 04:16:32', '2020-04-13 04:16:32'),
(409, 218, 15, 10.0, '2020-04-13 04:16:32', '2020-04-13 04:16:32'),
(410, 218, 1, 7.0, '2020-04-13 04:16:32', '2020-04-13 04:16:32'),
(411, 219, 8, 9.0, '2020-04-13 04:16:32', '2020-04-13 04:16:32'),
(412, 220, 8, 10.0, '2020-04-13 04:16:32', '2020-04-13 04:16:32'),
(413, 220, 20, 10.0, '2020-04-13 04:16:32', '2020-04-13 04:16:32'),
(414, 221, 18, 6.0, '2020-04-13 04:16:32', '2020-04-13 04:16:32'),
(415, 221, 15, 7.0, '2020-04-13 04:16:32', '2020-04-13 04:16:32'),
(416, 222, 11, 2.0, '2020-04-13 04:16:32', '2020-04-13 04:16:32'),
(417, 222, 15, 6.0, '2020-04-13 04:16:32', '2020-04-13 04:16:32'),
(418, 222, 3, 8.0, '2020-04-13 04:16:32', '2020-04-13 04:16:32'),
(419, 223, 20, 9.0, '2020-04-13 04:16:32', '2020-04-13 04:16:32'),
(420, 224, 17, 9.0, '2020-04-13 04:16:33', '2020-04-13 04:16:33'),
(421, 224, 19, 10.0, '2020-04-13 04:16:33', '2020-04-13 04:16:33'),
(422, 224, 5, 6.0, '2020-04-13 04:16:33', '2020-04-13 04:16:33'),
(423, 225, 19, 5.0, '2020-04-13 04:16:33', '2020-04-13 04:16:33'),
(424, 225, 8, 4.0, '2020-04-13 04:16:33', '2020-04-13 04:16:33'),
(425, 226, 9, 2.0, '2020-04-13 04:16:33', '2020-04-13 04:16:33'),
(426, 227, 4, 3.0, '2020-04-13 04:16:33', '2020-04-13 04:16:33'),
(427, 227, 11, 3.0, '2020-04-13 04:16:33', '2020-04-13 04:16:33'),
(428, 228, 16, 8.0, '2020-04-13 04:16:34', '2020-04-13 04:16:34'),
(429, 228, 5, 8.0, '2020-04-13 04:16:34', '2020-04-13 04:16:34'),
(430, 229, 4, 10.0, '2020-04-13 04:16:34', '2020-04-13 04:16:34'),
(431, 230, 1, 4.0, '2020-04-13 04:16:34', '2020-04-13 04:16:34'),
(432, 231, 19, 1.0, '2020-04-13 04:16:35', '2020-04-13 04:16:35'),
(433, 231, 8, 1.0, '2020-04-13 04:16:35', '2020-04-13 04:16:35'),
(434, 231, 13, 7.0, '2020-04-13 04:16:35', '2020-04-13 04:16:35'),
(435, 232, 9, 7.0, '2020-04-13 04:16:35', '2020-04-13 04:16:35'),
(436, 232, 10, 1.0, '2020-04-13 04:16:35', '2020-04-13 04:16:35'),
(437, 232, 13, 5.0, '2020-04-13 04:16:35', '2020-04-13 04:16:35'),
(438, 233, 1, 9.0, '2020-04-13 04:16:35', '2020-04-13 04:16:35'),
(439, 234, 19, 2.0, '2020-04-13 04:16:35', '2020-04-13 04:16:35'),
(440, 235, 13, 1.0, '2020-04-13 04:16:36', '2020-04-13 04:16:36'),
(441, 235, 1, 5.0, '2020-04-13 04:16:36', '2020-04-13 04:16:36'),
(442, 236, 2, 5.0, '2020-04-13 04:16:36', '2020-04-13 04:16:36'),
(443, 236, 9, 5.0, '2020-04-13 04:16:36', '2020-04-13 04:16:36'),
(444, 236, 15, 6.0, '2020-04-13 04:16:36', '2020-04-13 04:16:36'),
(445, 237, 13, 4.0, '2020-04-13 04:16:36', '2020-04-13 04:16:36'),
(446, 237, 6, 4.0, '2020-04-13 04:16:37', '2020-04-13 04:16:37'),
(447, 238, 15, 2.0, '2020-04-13 04:16:37', '2020-04-13 04:16:37'),
(448, 238, 16, 7.0, '2020-04-13 04:16:37', '2020-04-13 04:16:37'),
(449, 239, 20, 8.0, '2020-04-13 04:16:37', '2020-04-13 04:16:37'),
(450, 239, 16, 3.0, '2020-04-13 04:16:37', '2020-04-13 04:16:37'),
(451, 239, 5, 1.0, '2020-04-13 04:16:37', '2020-04-13 04:16:37'),
(452, 240, 13, 10.0, '2020-04-13 04:16:37', '2020-04-13 04:16:37'),
(453, 241, 14, 9.0, '2020-04-13 04:16:37', '2020-04-13 04:16:37'),
(454, 242, 4, 5.0, '2020-04-13 04:16:38', '2020-04-13 04:16:38'),
(455, 242, 5, 5.0, '2020-04-13 04:16:38', '2020-04-13 04:16:38'),
(456, 243, 15, 6.0, '2020-04-13 04:16:38', '2020-04-13 04:16:38'),
(457, 243, 4, 10.0, '2020-04-13 04:16:38', '2020-04-13 04:16:38'),
(458, 243, 20, 7.0, '2020-04-13 04:16:38', '2020-04-13 04:16:38'),
(459, 244, 19, 10.0, '2020-04-13 04:16:39', '2020-04-13 04:16:39'),
(460, 245, 9, 9.0, '2020-04-13 04:16:39', '2020-04-13 04:16:39'),
(461, 245, 7, 10.0, '2020-04-13 04:16:39', '2020-04-13 04:16:39'),
(462, 245, 5, 1.0, '2020-04-13 04:16:39', '2020-04-13 04:16:39'),
(463, 246, 12, 5.0, '2020-04-13 04:16:39', '2020-04-13 04:16:39'),
(464, 246, 20, 8.0, '2020-04-13 04:16:39', '2020-04-13 04:16:39'),
(465, 246, 9, 6.0, '2020-04-13 04:16:40', '2020-04-13 04:16:40'),
(466, 247, 13, 7.0, '2020-04-13 04:16:40', '2020-04-13 04:16:40'),
(467, 247, 15, 7.0, '2020-04-13 04:16:40', '2020-04-13 04:16:40'),
(468, 248, 18, 10.0, '2020-04-13 04:16:40', '2020-04-13 04:16:40'),
(469, 248, 8, 9.0, '2020-04-13 04:16:40', '2020-04-13 04:16:40'),
(470, 249, 6, 2.0, '2020-04-13 04:16:40', '2020-04-13 04:16:40'),
(471, 249, 8, 7.0, '2020-04-13 04:16:41', '2020-04-13 04:16:41'),
(472, 249, 16, 1.0, '2020-04-13 04:16:41', '2020-04-13 04:16:41'),
(473, 250, 16, 10.0, '2020-04-13 04:16:41', '2020-04-13 04:16:41'),
(474, 251, 8, 9.0, '2020-04-13 04:16:41', '2020-04-13 04:16:41'),
(475, 252, 13, 5.0, '2020-04-13 04:16:42', '2020-04-13 04:16:42'),
(476, 252, 5, 6.0, '2020-04-13 04:16:42', '2020-04-13 04:16:42'),
(477, 252, 8, 1.0, '2020-04-13 04:16:42', '2020-04-13 04:16:42'),
(478, 253, 17, 7.0, '2020-04-13 04:16:42', '2020-04-13 04:16:42'),
(479, 253, 15, 5.0, '2020-04-13 04:16:42', '2020-04-13 04:16:42'),
(480, 254, 3, 1.0, '2020-04-13 04:16:42', '2020-04-13 04:16:42'),
(481, 254, 15, 2.0, '2020-04-13 04:16:42', '2020-04-13 04:16:42'),
(482, 254, 7, 10.0, '2020-04-13 04:16:42', '2020-04-13 04:16:42'),
(483, 255, 14, 3.0, '2020-04-13 04:16:43', '2020-04-13 04:16:43'),
(484, 255, 6, 3.0, '2020-04-13 04:16:43', '2020-04-13 04:16:43'),
(485, 256, 6, 5.0, '2020-04-13 04:16:43', '2020-04-13 04:16:43'),
(486, 256, 7, 7.0, '2020-04-13 04:16:43', '2020-04-13 04:16:43'),
(487, 256, 13, 9.0, '2020-04-13 04:16:43', '2020-04-13 04:16:43'),
(488, 257, 11, 4.0, '2020-04-13 04:16:43', '2020-04-13 04:16:43'),
(489, 257, 18, 10.0, '2020-04-13 04:16:43', '2020-04-13 04:16:43'),
(490, 258, 13, 2.0, '2020-04-13 04:16:43', '2020-04-13 04:16:43'),
(491, 258, 8, 2.0, '2020-04-13 04:16:44', '2020-04-13 04:16:44'),
(492, 258, 14, 10.0, '2020-04-13 04:16:44', '2020-04-13 04:16:44'),
(493, 259, 9, 9.0, '2020-04-13 04:16:44', '2020-04-13 04:16:44'),
(494, 259, 20, 7.0, '2020-04-13 04:16:44', '2020-04-13 04:16:44'),
(495, 259, 10, 8.0, '2020-04-13 04:16:44', '2020-04-13 04:16:44'),
(496, 260, 4, 1.0, '2020-04-13 04:16:44', '2020-04-13 04:16:44'),
(497, 260, 11, 6.0, '2020-04-13 04:16:44', '2020-04-13 04:16:44'),
(498, 261, 2, 2.0, '2020-04-13 04:16:44', '2020-04-13 04:16:44'),
(499, 261, 14, 5.0, '2020-04-13 04:16:44', '2020-04-13 04:16:44'),
(500, 262, 10, 2.0, '2020-04-13 04:16:44', '2020-04-13 04:16:44'),
(501, 263, 16, 4.0, '2020-04-13 04:16:44', '2020-04-13 04:16:44'),
(502, 264, 15, 7.0, '2020-04-13 04:16:45', '2020-04-13 04:16:45'),
(503, 265, 4, 9.0, '2020-04-13 04:16:45', '2020-04-13 04:16:45'),
(504, 265, 2, 7.0, '2020-04-13 04:16:45', '2020-04-13 04:16:45'),
(505, 266, 6, 8.0, '2020-04-13 04:16:45', '2020-04-13 04:16:45'),
(506, 267, 5, 7.0, '2020-04-13 04:16:45', '2020-04-13 04:16:45'),
(507, 267, 17, 3.0, '2020-04-13 04:16:45', '2020-04-13 04:16:45'),
(508, 267, 9, 2.0, '2020-04-13 04:16:45', '2020-04-13 04:16:45'),
(509, 268, 2, 9.0, '2020-04-13 04:16:45', '2020-04-13 04:16:45'),
(510, 269, 20, 3.0, '2020-04-13 04:16:46', '2020-04-13 04:16:46'),
(511, 269, 18, 8.0, '2020-04-13 04:16:46', '2020-04-13 04:16:46'),
(512, 270, 20, 7.0, '2020-04-13 04:16:46', '2020-04-13 04:16:46'),
(513, 271, 5, 3.0, '2020-04-13 04:16:46', '2020-04-13 04:16:46'),
(514, 272, 7, 6.0, '2020-04-13 04:16:46', '2020-04-13 04:16:46'),
(515, 272, 19, 9.0, '2020-04-13 04:16:46', '2020-04-13 04:16:46'),
(516, 272, 10, 6.0, '2020-04-13 04:16:47', '2020-04-13 04:16:47'),
(517, 273, 7, 1.0, '2020-04-13 04:16:47', '2020-04-13 04:16:47'),
(518, 274, 19, 9.0, '2020-04-13 04:16:47', '2020-04-13 04:16:47'),
(519, 274, 14, 7.0, '2020-04-13 04:16:47', '2020-04-13 04:16:47'),
(520, 274, 10, 8.0, '2020-04-13 04:16:47', '2020-04-13 04:16:47'),
(521, 275, 11, 6.0, '2020-04-13 04:16:47', '2020-04-13 04:16:47'),
(522, 275, 20, 1.0, '2020-04-13 04:16:48', '2020-04-13 04:16:48'),
(523, 275, 8, 9.0, '2020-04-13 04:16:48', '2020-04-13 04:16:48'),
(524, 276, 16, 3.0, '2020-04-13 04:16:48', '2020-04-13 04:16:48'),
(525, 276, 2, 8.0, '2020-04-13 04:16:48', '2020-04-13 04:16:48'),
(526, 276, 18, 8.0, '2020-04-13 04:16:48', '2020-04-13 04:16:48'),
(527, 277, 11, 9.0, '2020-04-13 04:16:49', '2020-04-13 04:16:49'),
(528, 277, 4, 10.0, '2020-04-13 04:16:49', '2020-04-13 04:16:49'),
(529, 278, 11, 10.0, '2020-04-13 04:16:49', '2020-04-13 04:16:49'),
(530, 278, 15, 7.0, '2020-04-13 04:16:49', '2020-04-13 04:16:49'),
(531, 278, 2, 3.0, '2020-04-13 04:16:49', '2020-04-13 04:16:49'),
(532, 279, 10, 7.0, '2020-04-13 04:16:49', '2020-04-13 04:16:49'),
(533, 279, 20, 9.0, '2020-04-13 04:16:49', '2020-04-13 04:16:49'),
(534, 279, 5, 7.0, '2020-04-13 04:16:49', '2020-04-13 04:16:49'),
(535, 280, 5, 1.0, '2020-04-13 04:16:49', '2020-04-13 04:16:49'),
(536, 280, 13, 3.0, '2020-04-13 04:16:50', '2020-04-13 04:16:50'),
(537, 281, 5, 9.0, '2020-04-13 04:16:50', '2020-04-13 04:16:50'),
(538, 282, 6, 6.0, '2020-04-13 04:16:50', '2020-04-13 04:16:50'),
(539, 283, 17, 5.0, '2020-04-13 04:16:50', '2020-04-13 04:16:50'),
(540, 283, 11, 9.0, '2020-04-13 04:16:50', '2020-04-13 04:16:50'),
(541, 283, 1, 4.0, '2020-04-13 04:16:50', '2020-04-13 04:16:50'),
(542, 284, 4, 5.0, '2020-04-13 04:16:50', '2020-04-13 04:16:50'),
(543, 284, 10, 6.0, '2020-04-13 04:16:51', '2020-04-13 04:16:51'),
(544, 284, 9, 8.0, '2020-04-13 04:16:51', '2020-04-13 04:16:51'),
(545, 285, 2, 3.0, '2020-04-13 04:16:51', '2020-04-13 04:16:51'),
(546, 285, 17, 4.0, '2020-04-13 04:16:51', '2020-04-13 04:16:51'),
(547, 285, 8, 2.0, '2020-04-13 04:16:52', '2020-04-13 04:16:52'),
(548, 286, 16, 2.0, '2020-04-13 04:16:52', '2020-04-13 04:16:52'),
(549, 286, 13, 3.0, '2020-04-13 04:16:52', '2020-04-13 04:16:52'),
(550, 287, 13, 5.0, '2020-04-13 04:16:52', '2020-04-13 04:16:52'),
(551, 287, 11, 9.0, '2020-04-13 04:16:52', '2020-04-13 04:16:52'),
(552, 287, 20, 9.0, '2020-04-13 04:16:52', '2020-04-13 04:16:52'),
(553, 288, 11, 2.0, '2020-04-13 04:16:53', '2020-04-13 04:16:53'),
(554, 288, 2, 10.0, '2020-04-13 04:16:53', '2020-04-13 04:16:53'),
(555, 288, 14, 8.0, '2020-04-13 04:16:53', '2020-04-13 04:16:53'),
(556, 289, 3, 9.0, '2020-04-13 04:16:54', '2020-04-13 04:16:54'),
(557, 290, 6, 7.0, '2020-04-13 04:16:54', '2020-04-13 04:16:54'),
(558, 290, 8, 10.0, '2020-04-13 04:16:54', '2020-04-13 04:16:54'),
(559, 291, 12, 10.0, '2020-04-13 04:16:54', '2020-04-13 04:16:54'),
(560, 291, 8, 1.0, '2020-04-13 04:16:54', '2020-04-13 04:16:54'),
(561, 291, 19, 3.0, '2020-04-13 04:16:54', '2020-04-13 04:16:54'),
(562, 292, 20, 9.0, '2020-04-13 04:16:54', '2020-04-13 04:16:54'),
(563, 293, 2, 10.0, '2020-04-13 04:16:54', '2020-04-13 04:16:54'),
(564, 294, 4, 4.0, '2020-04-13 04:16:54', '2020-04-13 04:16:54'),
(565, 294, 16, 1.0, '2020-04-13 04:16:55', '2020-04-13 04:16:55'),
(566, 294, 6, 2.0, '2020-04-13 04:16:55', '2020-04-13 04:16:55'),
(567, 295, 16, 8.0, '2020-04-13 04:16:55', '2020-04-13 04:16:55'),
(568, 296, 15, 8.0, '2020-04-13 04:16:55', '2020-04-13 04:16:55'),
(569, 296, 11, 3.0, '2020-04-13 04:16:55', '2020-04-13 04:16:55'),
(570, 297, 8, 8.0, '2020-04-13 04:16:55', '2020-04-13 04:16:55'),
(571, 297, 1, 1.0, '2020-04-13 04:16:55', '2020-04-13 04:16:55'),
(572, 298, 17, 7.0, '2020-04-13 04:16:55', '2020-04-13 04:16:55'),
(573, 298, 16, 1.0, '2020-04-13 04:16:55', '2020-04-13 04:16:55'),
(574, 299, 5, 9.0, '2020-04-13 04:16:55', '2020-04-13 04:16:55'),
(575, 299, 4, 5.0, '2020-04-13 04:16:56', '2020-04-13 04:16:56'),
(576, 299, 20, 8.0, '2020-04-13 04:16:56', '2020-04-13 04:16:56'),
(577, 300, 2, 1.0, '2020-04-13 04:16:56', '2020-04-13 04:16:56'),
(578, 301, 4, 4.0, '2020-04-13 04:16:56', '2020-04-13 04:16:56'),
(579, 302, 17, 6.0, '2020-04-13 04:16:56', '2020-04-13 04:16:56'),
(580, 302, 20, 6.0, '2020-04-13 04:16:56', '2020-04-13 04:16:56'),
(581, 302, 8, 9.0, '2020-04-13 04:16:56', '2020-04-13 04:16:56'),
(582, 303, 14, 1.0, '2020-04-13 04:16:57', '2020-04-13 04:16:57'),
(583, 304, 3, 7.0, '2020-04-13 04:16:57', '2020-04-13 04:16:57'),
(584, 305, 17, 4.0, '2020-04-13 04:16:57', '2020-04-13 04:16:57'),
(585, 306, 7, 10.0, '2020-04-13 04:16:57', '2020-04-13 04:16:57'),
(586, 306, 17, 10.0, '2020-04-13 04:16:57', '2020-04-13 04:16:57'),
(587, 307, 6, 7.0, '2020-04-13 04:16:57', '2020-04-13 04:16:57'),
(588, 308, 18, 1.0, '2020-04-13 04:16:57', '2020-04-13 04:16:57'),
(589, 309, 4, 9.0, '2020-04-13 04:16:57', '2020-04-13 04:16:57'),
(590, 309, 10, 5.0, '2020-04-13 04:16:57', '2020-04-13 04:16:57'),
(591, 309, 8, 7.0, '2020-04-13 04:16:58', '2020-04-13 04:16:58'),
(592, 310, 10, 10.0, '2020-04-13 04:16:58', '2020-04-13 04:16:58'),
(593, 311, 13, 7.0, '2020-04-13 04:16:58', '2020-04-13 04:16:58'),
(594, 312, 6, 9.0, '2020-04-13 04:16:58', '2020-04-13 04:16:58'),
(595, 312, 8, 6.0, '2020-04-13 04:16:58', '2020-04-13 04:16:58'),
(596, 312, 3, 8.0, '2020-04-13 04:16:58', '2020-04-13 04:16:58'),
(597, 313, 3, 10.0, '2020-04-13 04:16:59', '2020-04-13 04:16:59'),
(598, 314, 14, 10.0, '2020-04-13 04:16:59', '2020-04-13 04:16:59'),
(599, 314, 12, 5.0, '2020-04-13 04:16:59', '2020-04-13 04:16:59'),
(600, 314, 8, 7.0, '2020-04-13 04:16:59', '2020-04-13 04:16:59'),
(601, 315, 12, 1.0, '2020-04-13 04:16:59', '2020-04-13 04:16:59'),
(602, 315, 14, 5.0, '2020-04-13 04:16:59', '2020-04-13 04:16:59'),
(603, 316, 16, 2.0, '2020-04-13 04:16:59', '2020-04-13 04:16:59'),
(604, 316, 18, 3.0, '2020-04-13 04:16:59', '2020-04-13 04:16:59'),
(605, 316, 9, 7.0, '2020-04-13 04:16:59', '2020-04-13 04:16:59'),
(606, 317, 3, 6.0, '2020-04-13 04:16:59', '2020-04-13 04:16:59'),
(607, 317, 13, 9.0, '2020-04-13 04:17:00', '2020-04-13 04:17:00'),
(608, 317, 18, 10.0, '2020-04-13 04:17:00', '2020-04-13 04:17:00'),
(609, 318, 17, 2.0, '2020-04-13 04:17:00', '2020-04-13 04:17:00'),
(610, 318, 7, 10.0, '2020-04-13 04:17:00', '2020-04-13 04:17:00'),
(611, 318, 11, 2.0, '2020-04-13 04:17:00', '2020-04-13 04:17:00'),
(612, 319, 20, 3.0, '2020-04-13 04:17:00', '2020-04-13 04:17:00'),
(613, 319, 1, 4.0, '2020-04-13 04:17:00', '2020-04-13 04:17:00'),
(614, 319, 19, 9.0, '2020-04-13 04:17:00', '2020-04-13 04:17:00'),
(615, 320, 11, 2.0, '2020-04-13 04:17:00', '2020-04-13 04:17:00'),
(616, 321, 20, 5.0, '2020-04-13 04:17:01', '2020-04-13 04:17:01'),
(617, 322, 3, 1.0, '2020-04-13 04:17:01', '2020-04-13 04:17:01'),
(618, 323, 1, 3.0, '2020-04-13 04:17:01', '2020-04-13 04:17:01'),
(619, 323, 15, 7.0, '2020-04-13 04:17:01', '2020-04-13 04:17:01'),
(620, 324, 16, 7.0, '2020-04-13 04:17:02', '2020-04-13 04:17:02'),
(621, 324, 3, 9.0, '2020-04-13 04:17:02', '2020-04-13 04:17:02'),
(622, 324, 10, 2.0, '2020-04-13 04:17:02', '2020-04-13 04:17:02'),
(623, 325, 2, 7.0, '2020-04-13 04:17:02', '2020-04-13 04:17:02'),
(624, 326, 4, 8.0, '2020-04-13 04:17:02', '2020-04-13 04:17:02'),
(625, 326, 19, 8.0, '2020-04-13 04:17:02', '2020-04-13 04:17:02'),
(626, 327, 10, 2.0, '2020-04-13 04:17:02', '2020-04-13 04:17:02'),
(627, 327, 11, 10.0, '2020-04-13 04:17:02', '2020-04-13 04:17:02'),
(628, 327, 18, 6.0, '2020-04-13 04:17:03', '2020-04-13 04:17:03'),
(629, 328, 6, 1.0, '2020-04-13 04:17:03', '2020-04-13 04:17:03'),
(630, 329, 1, 4.0, '2020-04-13 04:17:03', '2020-04-13 04:17:03'),
(631, 330, 7, 4.0, '2020-04-13 04:17:04', '2020-04-13 04:17:04'),
(632, 331, 2, 2.0, '2020-04-13 04:17:04', '2020-04-13 04:17:04'),
(633, 331, 17, 2.0, '2020-04-13 04:17:04', '2020-04-13 04:17:04'),
(634, 331, 10, 7.0, '2020-04-13 04:17:04', '2020-04-13 04:17:04'),
(635, 332, 2, 3.0, '2020-04-13 04:17:04', '2020-04-13 04:17:04'),
(636, 332, 6, 2.0, '2020-04-13 04:17:04', '2020-04-13 04:17:04'),
(637, 333, 12, 9.0, '2020-04-13 04:17:04', '2020-04-13 04:17:04'),
(638, 333, 5, 3.0, '2020-04-13 04:17:04', '2020-04-13 04:17:04'),
(639, 333, 1, 5.0, '2020-04-13 04:17:05', '2020-04-13 04:17:05'),
(640, 334, 6, 7.0, '2020-04-13 04:17:05', '2020-04-13 04:17:05'),
(641, 334, 19, 10.0, '2020-04-13 04:17:05', '2020-04-13 04:17:05'),
(642, 335, 10, 1.0, '2020-04-13 04:17:06', '2020-04-13 04:17:06'),
(643, 335, 12, 6.0, '2020-04-13 04:17:06', '2020-04-13 04:17:06'),
(644, 336, 7, 8.0, '2020-04-13 04:17:06', '2020-04-13 04:17:06'),
(645, 337, 16, 5.0, '2020-04-13 04:17:06', '2020-04-13 04:17:06'),
(646, 337, 8, 1.0, '2020-04-13 04:17:06', '2020-04-13 04:17:06'),
(647, 337, 18, 5.0, '2020-04-13 04:17:06', '2020-04-13 04:17:06'),
(648, 338, 18, 1.0, '2020-04-13 04:17:06', '2020-04-13 04:17:06'),
(649, 338, 5, 8.0, '2020-04-13 04:17:06', '2020-04-13 04:17:06'),
(650, 339, 17, 5.0, '2020-04-13 04:17:06', '2020-04-13 04:17:06'),
(651, 340, 10, 1.0, '2020-04-13 04:17:06', '2020-04-13 04:17:06'),
(652, 340, 16, 5.0, '2020-04-13 04:17:06', '2020-04-13 04:17:06'),
(653, 341, 3, 7.0, '2020-04-13 04:17:07', '2020-04-13 04:17:07'),
(654, 342, 12, 2.0, '2020-04-13 04:17:07', '2020-04-13 04:17:07'),
(655, 343, 2, 6.0, '2020-04-13 04:17:07', '2020-04-13 04:17:07'),
(656, 344, 17, 10.0, '2020-04-13 04:17:07', '2020-04-13 04:17:07'),
(657, 344, 2, 3.0, '2020-04-13 04:17:07', '2020-04-13 04:17:07'),
(658, 344, 12, 10.0, '2020-04-13 04:17:07', '2020-04-13 04:17:07'),
(659, 345, 20, 6.0, '2020-04-13 04:17:07', '2020-04-13 04:17:07'),
(660, 345, 2, 9.0, '2020-04-13 04:17:07', '2020-04-13 04:17:07'),
(661, 346, 14, 10.0, '2020-04-13 04:17:07', '2020-04-13 04:17:07'),
(662, 347, 20, 7.0, '2020-04-13 04:17:08', '2020-04-13 04:17:08'),
(663, 347, 14, 7.0, '2020-04-13 04:17:08', '2020-04-13 04:17:08'),
(664, 347, 9, 4.0, '2020-04-13 04:17:08', '2020-04-13 04:17:08'),
(665, 348, 5, 2.0, '2020-04-13 04:17:08', '2020-04-13 04:17:08'),
(666, 348, 4, 5.0, '2020-04-13 04:17:08', '2020-04-13 04:17:08'),
(667, 349, 9, 1.0, '2020-04-13 04:17:08', '2020-04-13 04:17:08'),
(668, 349, 11, 10.0, '2020-04-13 04:17:09', '2020-04-13 04:17:09'),
(669, 350, 11, 6.0, '2020-04-13 04:17:09', '2020-04-13 04:17:09'),
(670, 350, 18, 5.0, '2020-04-13 04:17:09', '2020-04-13 04:17:09'),
(671, 350, 9, 1.0, '2020-04-13 04:17:09', '2020-04-13 04:17:09'),
(672, 351, 17, 3.0, '2020-04-13 04:17:09', '2020-04-13 04:17:09'),
(673, 351, 5, 1.0, '2020-04-13 04:17:09', '2020-04-13 04:17:09'),
(674, 352, 5, 7.0, '2020-04-13 04:17:09', '2020-04-13 04:17:09'),
(675, 353, 9, 2.0, '2020-04-13 04:17:09', '2020-04-13 04:17:09'),
(676, 353, 12, 6.0, '2020-04-13 04:17:10', '2020-04-13 04:17:10'),
(677, 353, 11, 2.0, '2020-04-13 04:17:10', '2020-04-13 04:17:10'),
(678, 354, 14, 6.0, '2020-04-13 04:17:10', '2020-04-13 04:17:10'),
(679, 354, 7, 6.0, '2020-04-13 04:17:10', '2020-04-13 04:17:10'),
(680, 355, 10, 2.0, '2020-04-13 04:17:10', '2020-04-13 04:17:10'),
(681, 355, 18, 6.0, '2020-04-13 04:17:10', '2020-04-13 04:17:10'),
(682, 356, 4, 3.0, '2020-04-13 04:17:11', '2020-04-13 04:17:11'),
(683, 357, 10, 2.0, '2020-04-13 04:17:11', '2020-04-13 04:17:11'),
(684, 357, 1, 1.0, '2020-04-13 04:17:11', '2020-04-13 04:17:11'),
(685, 358, 8, 5.0, '2020-04-13 04:17:11', '2020-04-13 04:17:11'),
(686, 358, 4, 10.0, '2020-04-13 04:17:11', '2020-04-13 04:17:11'),
(687, 358, 6, 6.0, '2020-04-13 04:17:11', '2020-04-13 04:17:11'),
(688, 359, 12, 10.0, '2020-04-13 04:17:11', '2020-04-13 04:17:11'),
(689, 360, 8, 10.0, '2020-04-13 04:17:12', '2020-04-13 04:17:12'),
(690, 360, 3, 1.0, '2020-04-13 04:17:12', '2020-04-13 04:17:12'),
(691, 360, 10, 6.0, '2020-04-13 04:17:12', '2020-04-13 04:17:12'),
(692, 361, 1, 7.0, '2020-04-13 04:17:12', '2020-04-13 04:17:12'),
(693, 361, 6, 8.0, '2020-04-13 04:17:12', '2020-04-13 04:17:12'),
(694, 362, 5, 5.0, '2020-04-13 04:17:13', '2020-04-13 04:17:13'),
(695, 362, 3, 10.0, '2020-04-13 04:17:13', '2020-04-13 04:17:13'),
(696, 362, 17, 3.0, '2020-04-13 04:17:13', '2020-04-13 04:17:13'),
(697, 363, 8, 10.0, '2020-04-13 04:17:13', '2020-04-13 04:17:13'),
(698, 363, 13, 1.0, '2020-04-13 04:17:13', '2020-04-13 04:17:13'),
(699, 364, 13, 6.0, '2020-04-13 04:17:13', '2020-04-13 04:17:13'),
(700, 364, 18, 10.0, '2020-04-13 04:17:13', '2020-04-13 04:17:13'),
(701, 365, 18, 7.0, '2020-04-13 04:17:14', '2020-04-13 04:17:14'),
(702, 366, 1, 8.0, '2020-04-13 04:17:14', '2020-04-13 04:17:14'),
(703, 367, 18, 2.0, '2020-04-13 04:17:14', '2020-04-13 04:17:14'),
(704, 367, 13, 7.0, '2020-04-13 04:17:14', '2020-04-13 04:17:14'),
(705, 367, 16, 3.0, '2020-04-13 04:17:14', '2020-04-13 04:17:14'),
(706, 368, 15, 7.0, '2020-04-13 04:17:14', '2020-04-13 04:17:14'),
(707, 368, 19, 5.0, '2020-04-13 04:17:15', '2020-04-13 04:17:15'),
(708, 369, 9, 8.0, '2020-04-13 04:17:15', '2020-04-13 04:17:15'),
(709, 369, 2, 7.0, '2020-04-13 04:17:15', '2020-04-13 04:17:15'),
(710, 369, 20, 2.0, '2020-04-13 04:17:15', '2020-04-13 04:17:15'),
(711, 370, 6, 6.0, '2020-04-13 04:17:15', '2020-04-13 04:17:15'),
(712, 370, 19, 1.0, '2020-04-13 04:17:16', '2020-04-13 04:17:16'),
(713, 370, 14, 7.0, '2020-04-13 04:17:16', '2020-04-13 04:17:16'),
(714, 371, 18, 1.0, '2020-04-13 04:17:16', '2020-04-13 04:17:16'),
(715, 372, 7, 9.0, '2020-04-13 04:17:16', '2020-04-13 04:17:16'),
(716, 373, 18, 2.0, '2020-04-13 04:17:16', '2020-04-13 04:17:16'),
(717, 373, 8, 6.0, '2020-04-13 04:17:16', '2020-04-13 04:17:16'),
(718, 374, 16, 3.0, '2020-04-13 04:17:17', '2020-04-13 04:17:17'),
(719, 374, 13, 8.0, '2020-04-13 04:17:17', '2020-04-13 04:17:17'),
(720, 375, 2, 2.0, '2020-04-13 04:17:18', '2020-04-13 04:17:18'),
(721, 375, 11, 10.0, '2020-04-13 04:17:18', '2020-04-13 04:17:18'),
(722, 376, 4, 1.0, '2020-04-13 04:17:18', '2020-04-13 04:17:18'),
(723, 377, 1, 9.0, '2020-04-13 04:17:18', '2020-04-13 04:17:18'),
(724, 377, 2, 1.0, '2020-04-13 04:17:18', '2020-04-13 04:17:18'),
(725, 378, 7, 2.0, '2020-04-13 04:17:18', '2020-04-13 04:17:18'),
(726, 378, 9, 10.0, '2020-04-13 04:17:18', '2020-04-13 04:17:18'),
(727, 378, 12, 4.0, '2020-04-13 04:17:18', '2020-04-13 04:17:18'),
(728, 379, 18, 10.0, '2020-04-13 04:17:19', '2020-04-13 04:17:19'),
(729, 380, 4, 3.0, '2020-04-13 04:17:19', '2020-04-13 04:17:19'),
(730, 380, 16, 6.0, '2020-04-13 04:17:19', '2020-04-13 04:17:19'),
(731, 380, 3, 10.0, '2020-04-13 04:17:19', '2020-04-13 04:17:19'),
(732, 381, 5, 3.0, '2020-04-13 04:17:19', '2020-04-13 04:17:19'),
(733, 381, 8, 2.0, '2020-04-13 04:17:19', '2020-04-13 04:17:19'),
(734, 381, 6, 1.0, '2020-04-13 04:17:19', '2020-04-13 04:17:19'),
(735, 382, 20, 9.0, '2020-04-13 04:17:19', '2020-04-13 04:17:19'),
(736, 382, 7, 6.0, '2020-04-13 04:17:19', '2020-04-13 04:17:19'),
(737, 382, 4, 10.0, '2020-04-13 04:17:19', '2020-04-13 04:17:19'),
(738, 383, 7, 1.0, '2020-04-13 04:17:19', '2020-04-13 04:17:19'),
(739, 384, 5, 5.0, '2020-04-13 04:17:20', '2020-04-13 04:17:20'),
(740, 384, 15, 1.0, '2020-04-13 04:17:20', '2020-04-13 04:17:20'),
(741, 385, 16, 3.0, '2020-04-13 04:17:20', '2020-04-13 04:17:20'),
(742, 385, 14, 10.0, '2020-04-13 04:17:20', '2020-04-13 04:17:20'),
(743, 386, 20, 5.0, '2020-04-13 04:17:20', '2020-04-13 04:17:20'),
(744, 386, 9, 10.0, '2020-04-13 04:17:20', '2020-04-13 04:17:20'),
(745, 386, 6, 9.0, '2020-04-13 04:17:20', '2020-04-13 04:17:20'),
(746, 387, 11, 9.0, '2020-04-13 04:17:20', '2020-04-13 04:17:20'),
(747, 387, 6, 5.0, '2020-04-13 04:17:21', '2020-04-13 04:17:21'),
(748, 387, 8, 5.0, '2020-04-13 04:17:21', '2020-04-13 04:17:21'),
(749, 388, 12, 10.0, '2020-04-13 04:17:21', '2020-04-13 04:17:21'),
(750, 388, 16, 7.0, '2020-04-13 04:17:21', '2020-04-13 04:17:21'),
(751, 388, 8, 4.0, '2020-04-13 04:17:21', '2020-04-13 04:17:21'),
(752, 389, 5, 3.0, '2020-04-13 04:17:21', '2020-04-13 04:17:21'),
(753, 389, 9, 2.0, '2020-04-13 04:17:21', '2020-04-13 04:17:21'),
(754, 390, 18, 8.0, '2020-04-13 04:17:21', '2020-04-13 04:17:21'),
(755, 390, 16, 8.0, '2020-04-13 04:17:22', '2020-04-13 04:17:22'),
(756, 391, 16, 1.0, '2020-04-13 04:17:22', '2020-04-13 04:17:22'),
(757, 391, 2, 7.0, '2020-04-13 04:17:22', '2020-04-13 04:17:22'),
(758, 391, 8, 9.0, '2020-04-13 04:17:22', '2020-04-13 04:17:22'),
(759, 392, 20, 10.0, '2020-04-13 04:17:23', '2020-04-13 04:17:23'),
(760, 392, 13, 7.0, '2020-04-13 04:17:23', '2020-04-13 04:17:23'),
(761, 393, 18, 2.0, '2020-04-13 04:17:23', '2020-04-13 04:17:23'),
(762, 393, 16, 1.0, '2020-04-13 04:17:23', '2020-04-13 04:17:23'),
(763, 393, 15, 10.0, '2020-04-13 04:17:23', '2020-04-13 04:17:23'),
(764, 394, 3, 8.0, '2020-04-13 04:17:24', '2020-04-13 04:17:24'),
(765, 395, 1, 3.0, '2020-04-13 04:17:24', '2020-04-13 04:17:24'),
(766, 396, 8, 1.0, '2020-04-13 04:17:24', '2020-04-13 04:17:24'),
(767, 396, 13, 1.0, '2020-04-13 04:17:24', '2020-04-13 04:17:24'),
(768, 397, 12, 9.0, '2020-04-13 04:17:24', '2020-04-13 04:17:24'),
(769, 397, 1, 1.0, '2020-04-13 04:17:24', '2020-04-13 04:17:24'),
(770, 397, 7, 1.0, '2020-04-13 04:17:24', '2020-04-13 04:17:24'),
(771, 398, 11, 6.0, '2020-04-13 04:17:24', '2020-04-13 04:17:24'),
(772, 398, 4, 2.0, '2020-04-13 04:17:25', '2020-04-13 04:17:25'),
(773, 398, 19, 10.0, '2020-04-13 04:17:25', '2020-04-13 04:17:25'),
(774, 399, 10, 8.0, '2020-04-13 04:17:25', '2020-04-13 04:17:25'),
(775, 399, 17, 6.0, '2020-04-13 04:17:25', '2020-04-13 04:17:25'),
(776, 399, 15, 6.0, '2020-04-13 04:17:25', '2020-04-13 04:17:25');
INSERT INTO `order_items` (`id`, `order_id`, `product_id`, `quantity`, `created_at`, `updated_at`) VALUES
(777, 400, 9, 4.0, '2020-04-13 04:17:26', '2020-04-13 04:17:26'),
(778, 400, 19, 8.0, '2020-04-13 04:17:26', '2020-04-13 04:17:26'),
(779, 401, 5, 3.0, '2020-04-13 04:17:26', '2020-04-13 04:17:26'),
(780, 401, 1, 2.0, '2020-04-13 04:17:26', '2020-04-13 04:17:26'),
(781, 401, 9, 4.0, '2020-04-13 04:17:26', '2020-04-13 04:17:26'),
(782, 402, 8, 8.0, '2020-04-13 04:17:26', '2020-04-13 04:17:26'),
(783, 402, 7, 9.0, '2020-04-13 04:17:26', '2020-04-13 04:17:26'),
(784, 403, 5, 7.0, '2020-04-13 04:17:26', '2020-04-13 04:17:26'),
(785, 403, 17, 7.0, '2020-04-13 04:17:26', '2020-04-13 04:17:26'),
(786, 404, 7, 8.0, '2020-04-13 04:17:27', '2020-04-13 04:17:27'),
(787, 404, 6, 4.0, '2020-04-13 04:17:27', '2020-04-13 04:17:27'),
(788, 405, 13, 1.0, '2020-04-13 04:17:27', '2020-04-13 04:17:27'),
(789, 406, 19, 1.0, '2020-04-13 04:17:27', '2020-04-13 04:17:27'),
(790, 406, 5, 9.0, '2020-04-13 04:17:27', '2020-04-13 04:17:27'),
(791, 406, 20, 4.0, '2020-04-13 04:17:28', '2020-04-13 04:17:28'),
(792, 407, 3, 2.0, '2020-04-13 04:17:28', '2020-04-13 04:17:28'),
(793, 407, 11, 6.0, '2020-04-13 04:17:28', '2020-04-13 04:17:28'),
(794, 407, 8, 9.0, '2020-04-13 04:17:28', '2020-04-13 04:17:28'),
(795, 408, 16, 9.0, '2020-04-13 04:17:28', '2020-04-13 04:17:28'),
(796, 408, 13, 2.0, '2020-04-13 04:17:28', '2020-04-13 04:17:28'),
(797, 408, 5, 6.0, '2020-04-13 04:17:28', '2020-04-13 04:17:28'),
(798, 409, 3, 6.0, '2020-04-13 04:17:28', '2020-04-13 04:17:28'),
(799, 409, 2, 5.0, '2020-04-13 04:17:29', '2020-04-13 04:17:29'),
(800, 409, 8, 8.0, '2020-04-13 04:17:29', '2020-04-13 04:17:29'),
(801, 410, 16, 7.0, '2020-04-13 04:17:29', '2020-04-13 04:17:29'),
(802, 411, 18, 6.0, '2020-04-13 04:17:29', '2020-04-13 04:17:29'),
(803, 411, 20, 2.0, '2020-04-13 04:17:29', '2020-04-13 04:17:29'),
(804, 412, 20, 2.0, '2020-04-13 04:17:30', '2020-04-13 04:17:30'),
(805, 413, 11, 6.0, '2020-04-13 04:17:30', '2020-04-13 04:17:30'),
(806, 413, 19, 5.0, '2020-04-13 04:17:30', '2020-04-13 04:17:30'),
(807, 414, 2, 6.0, '2020-04-13 04:17:30', '2020-04-13 04:17:30'),
(808, 415, 4, 6.0, '2020-04-13 04:17:30', '2020-04-13 04:17:30'),
(809, 415, 17, 5.0, '2020-04-13 04:17:30', '2020-04-13 04:17:30'),
(810, 415, 5, 1.0, '2020-04-13 04:17:30', '2020-04-13 04:17:30'),
(811, 416, 9, 10.0, '2020-04-13 04:17:31', '2020-04-13 04:17:31'),
(812, 416, 20, 6.0, '2020-04-13 04:17:31', '2020-04-13 04:17:31'),
(813, 417, 14, 10.0, '2020-04-13 04:17:31', '2020-04-13 04:17:31'),
(814, 418, 5, 2.0, '2020-04-13 04:17:31', '2020-04-13 04:17:31'),
(815, 418, 17, 1.0, '2020-04-13 04:17:31', '2020-04-13 04:17:31'),
(816, 418, 1, 3.0, '2020-04-13 04:17:31', '2020-04-13 04:17:31'),
(817, 419, 7, 2.0, '2020-04-13 04:17:31', '2020-04-13 04:17:31'),
(818, 420, 14, 4.0, '2020-04-13 04:17:31', '2020-04-13 04:17:31'),
(819, 420, 4, 1.0, '2020-04-13 04:17:31', '2020-04-13 04:17:31'),
(820, 420, 16, 1.0, '2020-04-13 04:17:31', '2020-04-13 04:17:31'),
(821, 421, 3, 4.0, '2020-04-13 04:17:31', '2020-04-13 04:17:31'),
(822, 421, 17, 2.0, '2020-04-13 04:17:31', '2020-04-13 04:17:31'),
(823, 422, 11, 1.0, '2020-04-13 04:17:32', '2020-04-13 04:17:32'),
(824, 422, 17, 9.0, '2020-04-13 04:17:32', '2020-04-13 04:17:32'),
(825, 422, 7, 6.0, '2020-04-13 04:17:32', '2020-04-13 04:17:32'),
(826, 423, 11, 3.0, '2020-04-13 04:17:32', '2020-04-13 04:17:32'),
(827, 423, 3, 8.0, '2020-04-13 04:17:32', '2020-04-13 04:17:32'),
(828, 424, 9, 3.0, '2020-04-13 04:17:32', '2020-04-13 04:17:32'),
(829, 425, 1, 5.0, '2020-04-13 04:17:32', '2020-04-13 04:17:32'),
(830, 425, 15, 1.0, '2020-04-13 04:17:32', '2020-04-13 04:17:32'),
(831, 426, 4, 7.0, '2020-04-13 04:17:33', '2020-04-13 04:17:33'),
(832, 426, 8, 3.0, '2020-04-13 04:17:33', '2020-04-13 04:17:33'),
(833, 426, 18, 8.0, '2020-04-13 04:17:33', '2020-04-13 04:17:33'),
(834, 427, 14, 2.0, '2020-04-13 04:17:33', '2020-04-13 04:17:33'),
(835, 428, 18, 2.0, '2020-04-13 04:17:33', '2020-04-13 04:17:33'),
(836, 428, 4, 10.0, '2020-04-13 04:17:33', '2020-04-13 04:17:33'),
(837, 429, 13, 2.0, '2020-04-13 04:17:33', '2020-04-13 04:17:33'),
(838, 430, 4, 4.0, '2020-04-13 04:17:33', '2020-04-13 04:17:33'),
(839, 431, 13, 7.0, '2020-04-13 04:17:33', '2020-04-13 04:17:33'),
(840, 432, 7, 4.0, '2020-04-13 04:17:34', '2020-04-13 04:17:34'),
(841, 433, 2, 3.0, '2020-04-13 04:17:34', '2020-04-13 04:17:34'),
(842, 434, 18, 10.0, '2020-04-13 04:17:34', '2020-04-13 04:17:34'),
(843, 434, 3, 7.0, '2020-04-13 04:17:34', '2020-04-13 04:17:34'),
(844, 435, 7, 1.0, '2020-04-13 04:17:34', '2020-04-13 04:17:34'),
(845, 435, 11, 2.0, '2020-04-13 04:17:34', '2020-04-13 04:17:34'),
(846, 436, 9, 7.0, '2020-04-13 04:17:35', '2020-04-13 04:17:35'),
(847, 436, 20, 4.0, '2020-04-13 04:17:35', '2020-04-13 04:17:35'),
(848, 436, 7, 7.0, '2020-04-13 04:17:35', '2020-04-13 04:17:35'),
(849, 437, 10, 9.0, '2020-04-13 04:17:35', '2020-04-13 04:17:35'),
(850, 437, 1, 9.0, '2020-04-13 04:17:35', '2020-04-13 04:17:35'),
(851, 437, 6, 6.0, '2020-04-13 04:17:35', '2020-04-13 04:17:35'),
(852, 438, 1, 8.0, '2020-04-13 04:17:36', '2020-04-13 04:17:36'),
(853, 438, 18, 5.0, '2020-04-13 04:17:36', '2020-04-13 04:17:36'),
(854, 439, 14, 9.0, '2020-04-13 04:17:36', '2020-04-13 04:17:36'),
(855, 439, 17, 2.0, '2020-04-13 04:17:36', '2020-04-13 04:17:36'),
(856, 440, 17, 3.0, '2020-04-13 04:17:36', '2020-04-13 04:17:36'),
(857, 440, 9, 8.0, '2020-04-13 04:17:36', '2020-04-13 04:17:36'),
(858, 441, 8, 4.0, '2020-04-13 04:17:36', '2020-04-13 04:17:36'),
(859, 441, 16, 5.0, '2020-04-13 04:17:36', '2020-04-13 04:17:36'),
(860, 441, 7, 3.0, '2020-04-13 04:17:36', '2020-04-13 04:17:36'),
(861, 442, 18, 4.0, '2020-04-13 04:17:37', '2020-04-13 04:17:37'),
(862, 442, 3, 10.0, '2020-04-13 04:17:37', '2020-04-13 04:17:37'),
(863, 443, 18, 2.0, '2020-04-13 04:17:37', '2020-04-13 04:17:37'),
(864, 443, 17, 3.0, '2020-04-13 04:17:37', '2020-04-13 04:17:37'),
(865, 443, 14, 10.0, '2020-04-13 04:17:37', '2020-04-13 04:17:37'),
(866, 444, 4, 2.0, '2020-04-13 04:17:37', '2020-04-13 04:17:37'),
(867, 444, 3, 3.0, '2020-04-13 04:17:38', '2020-04-13 04:17:38'),
(868, 445, 15, 1.0, '2020-04-13 04:17:38', '2020-04-13 04:17:38'),
(869, 446, 17, 5.0, '2020-04-13 04:17:38', '2020-04-13 04:17:38'),
(870, 446, 19, 7.0, '2020-04-13 04:17:38', '2020-04-13 04:17:38'),
(871, 446, 2, 10.0, '2020-04-13 04:17:38', '2020-04-13 04:17:38'),
(872, 447, 4, 10.0, '2020-04-13 04:17:38', '2020-04-13 04:17:38'),
(873, 447, 9, 2.0, '2020-04-13 04:17:38', '2020-04-13 04:17:38'),
(874, 447, 18, 7.0, '2020-04-13 04:17:39', '2020-04-13 04:17:39'),
(875, 448, 19, 6.0, '2020-04-13 04:17:39', '2020-04-13 04:17:39'),
(876, 448, 12, 8.0, '2020-04-13 04:17:39', '2020-04-13 04:17:39'),
(877, 449, 10, 8.0, '2020-04-13 04:17:39', '2020-04-13 04:17:39'),
(878, 450, 16, 6.0, '2020-04-13 04:17:39', '2020-04-13 04:17:39'),
(879, 451, 18, 8.0, '2020-04-13 04:17:40', '2020-04-13 04:17:40'),
(880, 452, 13, 4.0, '2020-04-13 04:17:40', '2020-04-13 04:17:40'),
(881, 453, 3, 3.0, '2020-04-13 04:17:40', '2020-04-13 04:17:40'),
(882, 453, 18, 9.0, '2020-04-13 04:17:40', '2020-04-13 04:17:40'),
(883, 454, 5, 9.0, '2020-04-13 04:17:40', '2020-04-13 04:17:40'),
(884, 454, 3, 8.0, '2020-04-13 04:17:41', '2020-04-13 04:17:41'),
(885, 454, 14, 7.0, '2020-04-13 04:17:41', '2020-04-13 04:17:41'),
(886, 455, 10, 8.0, '2020-04-13 04:17:41', '2020-04-13 04:17:41'),
(887, 456, 13, 9.0, '2020-04-13 04:17:41', '2020-04-13 04:17:41'),
(888, 456, 14, 3.0, '2020-04-13 04:17:41', '2020-04-13 04:17:41'),
(889, 457, 17, 6.0, '2020-04-13 04:17:41', '2020-04-13 04:17:41'),
(890, 457, 19, 2.0, '2020-04-13 04:17:41', '2020-04-13 04:17:41'),
(891, 458, 13, 8.0, '2020-04-13 04:17:42', '2020-04-13 04:17:42'),
(892, 458, 19, 5.0, '2020-04-13 04:17:42', '2020-04-13 04:17:42'),
(893, 458, 14, 1.0, '2020-04-13 04:17:42', '2020-04-13 04:17:42'),
(894, 459, 4, 3.0, '2020-04-13 04:17:43', '2020-04-13 04:17:43'),
(895, 459, 12, 6.0, '2020-04-13 04:17:43', '2020-04-13 04:17:43'),
(896, 459, 2, 7.0, '2020-04-13 04:17:43', '2020-04-13 04:17:43'),
(897, 460, 4, 2.0, '2020-04-13 04:17:43', '2020-04-13 04:17:43'),
(898, 460, 14, 9.0, '2020-04-13 04:17:43', '2020-04-13 04:17:43'),
(899, 461, 8, 4.0, '2020-04-13 04:17:43', '2020-04-13 04:17:43'),
(900, 461, 19, 6.0, '2020-04-13 04:17:43', '2020-04-13 04:17:43'),
(901, 461, 13, 10.0, '2020-04-13 04:17:43', '2020-04-13 04:17:43'),
(902, 462, 15, 6.0, '2020-04-13 04:17:44', '2020-04-13 04:17:44'),
(903, 463, 18, 5.0, '2020-04-13 04:17:44', '2020-04-13 04:17:44'),
(904, 463, 9, 1.0, '2020-04-13 04:17:45', '2020-04-13 04:17:45'),
(905, 463, 2, 1.0, '2020-04-13 04:17:45', '2020-04-13 04:17:45'),
(906, 464, 4, 1.0, '2020-04-13 04:17:45', '2020-04-13 04:17:45'),
(907, 464, 18, 6.0, '2020-04-13 04:17:45', '2020-04-13 04:17:45'),
(908, 465, 3, 7.0, '2020-04-13 04:17:45', '2020-04-13 04:17:45'),
(909, 465, 20, 5.0, '2020-04-13 04:17:45', '2020-04-13 04:17:45'),
(910, 466, 14, 2.0, '2020-04-13 04:17:45', '2020-04-13 04:17:45'),
(911, 466, 12, 7.0, '2020-04-13 04:17:45', '2020-04-13 04:17:45'),
(912, 466, 7, 6.0, '2020-04-13 04:17:45', '2020-04-13 04:17:45'),
(913, 467, 20, 5.0, '2020-04-13 04:17:45', '2020-04-13 04:17:45'),
(914, 467, 9, 6.0, '2020-04-13 04:17:45', '2020-04-13 04:17:45'),
(915, 467, 11, 9.0, '2020-04-13 04:17:45', '2020-04-13 04:17:45'),
(916, 468, 17, 5.0, '2020-04-13 04:17:45', '2020-04-13 04:17:45'),
(917, 468, 14, 1.0, '2020-04-13 04:17:46', '2020-04-13 04:17:46'),
(918, 469, 15, 6.0, '2020-04-13 04:17:46', '2020-04-13 04:17:46'),
(919, 469, 2, 10.0, '2020-04-13 04:17:46', '2020-04-13 04:17:46'),
(920, 469, 9, 10.0, '2020-04-13 04:17:46', '2020-04-13 04:17:46'),
(921, 470, 12, 7.0, '2020-04-13 04:17:46', '2020-04-13 04:17:46'),
(922, 470, 6, 1.0, '2020-04-13 04:17:46', '2020-04-13 04:17:46'),
(923, 471, 12, 8.0, '2020-04-13 04:17:46', '2020-04-13 04:17:46'),
(924, 472, 17, 4.0, '2020-04-13 04:17:46', '2020-04-13 04:17:46'),
(925, 472, 15, 2.0, '2020-04-13 04:17:46', '2020-04-13 04:17:46'),
(926, 472, 20, 7.0, '2020-04-13 04:17:46', '2020-04-13 04:17:46'),
(927, 473, 12, 5.0, '2020-04-13 04:17:47', '2020-04-13 04:17:47'),
(928, 473, 4, 6.0, '2020-04-13 04:17:48', '2020-04-13 04:17:48'),
(929, 474, 20, 2.0, '2020-04-13 04:17:49', '2020-04-13 04:17:49'),
(930, 474, 15, 5.0, '2020-04-13 04:17:49', '2020-04-13 04:17:49'),
(931, 474, 19, 8.0, '2020-04-13 04:17:49', '2020-04-13 04:17:49'),
(932, 475, 6, 5.0, '2020-04-13 04:17:49', '2020-04-13 04:17:49'),
(933, 475, 4, 9.0, '2020-04-13 04:17:49', '2020-04-13 04:17:49'),
(934, 476, 11, 7.0, '2020-04-13 04:17:49', '2020-04-13 04:17:49'),
(935, 477, 12, 10.0, '2020-04-13 04:17:49', '2020-04-13 04:17:49'),
(936, 477, 6, 6.0, '2020-04-13 04:17:49', '2020-04-13 04:17:49'),
(937, 477, 15, 4.0, '2020-04-13 04:17:50', '2020-04-13 04:17:50'),
(938, 478, 2, 7.0, '2020-04-13 04:17:50', '2020-04-13 04:17:50'),
(939, 478, 12, 5.0, '2020-04-13 04:17:50', '2020-04-13 04:17:50'),
(940, 479, 15, 10.0, '2020-04-13 04:17:50', '2020-04-13 04:17:50'),
(941, 479, 4, 9.0, '2020-04-13 04:17:50', '2020-04-13 04:17:50'),
(942, 480, 4, 2.0, '2020-04-13 04:17:50', '2020-04-13 04:17:50'),
(943, 480, 18, 10.0, '2020-04-13 04:17:50', '2020-04-13 04:17:50'),
(944, 480, 6, 5.0, '2020-04-13 04:17:50', '2020-04-13 04:17:50'),
(945, 481, 1, 8.0, '2020-04-13 04:17:51', '2020-04-13 04:17:51'),
(946, 481, 6, 3.0, '2020-04-13 04:17:51', '2020-04-13 04:17:51'),
(947, 481, 16, 6.0, '2020-04-13 04:17:51', '2020-04-13 04:17:51'),
(948, 482, 3, 7.0, '2020-04-13 04:17:51', '2020-04-13 04:17:51'),
(949, 483, 13, 1.0, '2020-04-13 04:17:51', '2020-04-13 04:17:51'),
(950, 483, 1, 9.0, '2020-04-13 04:17:51', '2020-04-13 04:17:51'),
(951, 483, 9, 10.0, '2020-04-13 04:17:52', '2020-04-13 04:17:52'),
(952, 484, 20, 1.0, '2020-04-13 04:17:52', '2020-04-13 04:17:52'),
(953, 484, 11, 1.0, '2020-04-13 04:17:52', '2020-04-13 04:17:52'),
(954, 484, 3, 3.0, '2020-04-13 04:17:52', '2020-04-13 04:17:52'),
(955, 485, 15, 1.0, '2020-04-13 04:17:52', '2020-04-13 04:17:52'),
(956, 486, 13, 8.0, '2020-04-13 04:17:52', '2020-04-13 04:17:52'),
(957, 486, 15, 7.0, '2020-04-13 04:17:52', '2020-04-13 04:17:52'),
(958, 487, 15, 8.0, '2020-04-13 04:17:52', '2020-04-13 04:17:52'),
(959, 488, 8, 2.0, '2020-04-13 04:17:53', '2020-04-13 04:17:53'),
(960, 489, 4, 10.0, '2020-04-13 04:17:53', '2020-04-13 04:17:53'),
(961, 490, 11, 6.0, '2020-04-13 04:17:53', '2020-04-13 04:17:53'),
(962, 491, 16, 2.0, '2020-04-13 04:17:54', '2020-04-13 04:17:54'),
(963, 492, 5, 8.0, '2020-04-13 04:17:54', '2020-04-13 04:17:54'),
(964, 492, 16, 8.0, '2020-04-13 04:17:54', '2020-04-13 04:17:54'),
(965, 493, 1, 10.0, '2020-04-13 04:17:54', '2020-04-13 04:17:54'),
(966, 494, 8, 10.0, '2020-04-13 04:17:54', '2020-04-13 04:17:54'),
(967, 494, 20, 6.0, '2020-04-13 04:17:54', '2020-04-13 04:17:54'),
(968, 495, 11, 1.0, '2020-04-13 04:17:55', '2020-04-13 04:17:55'),
(969, 495, 5, 3.0, '2020-04-13 04:17:55', '2020-04-13 04:17:55'),
(970, 495, 19, 8.0, '2020-04-13 04:17:55', '2020-04-13 04:17:55'),
(971, 496, 7, 8.0, '2020-04-13 04:17:55', '2020-04-13 04:17:55'),
(972, 497, 15, 8.0, '2020-04-13 04:17:55', '2020-04-13 04:17:55'),
(973, 497, 3, 6.0, '2020-04-13 04:17:55', '2020-04-13 04:17:55'),
(974, 497, 10, 4.0, '2020-04-13 04:17:55', '2020-04-13 04:17:55'),
(975, 498, 8, 5.0, '2020-04-13 04:17:56', '2020-04-13 04:17:56'),
(976, 499, 7, 6.0, '2020-04-13 04:17:56', '2020-04-13 04:17:56'),
(977, 499, 12, 7.0, '2020-04-13 04:17:56', '2020-04-13 04:17:56'),
(978, 499, 13, 3.0, '2020-04-13 04:17:56', '2020-04-13 04:17:56'),
(979, 500, 16, 7.0, '2020-04-13 04:17:57', '2020-04-13 04:17:57'),
(980, 500, 4, 10.0, '2020-04-13 04:17:57', '2020-04-13 04:17:57'),
(981, 501, 7, 2.0, '2020-04-13 04:17:57', '2020-04-13 04:17:57'),
(982, 501, 19, 2.0, '2020-04-13 04:17:57', '2020-04-13 04:17:57'),
(983, 502, 7, 9.0, '2020-04-13 04:17:57', '2020-04-13 04:17:57'),
(984, 502, 14, 9.0, '2020-04-13 04:17:57', '2020-04-13 04:17:57'),
(985, 502, 11, 9.0, '2020-04-13 04:17:57', '2020-04-13 04:17:57'),
(986, 503, 17, 6.0, '2020-04-13 04:17:57', '2020-04-13 04:17:57'),
(987, 503, 19, 7.0, '2020-04-13 04:17:57', '2020-04-13 04:17:57'),
(988, 504, 13, 7.0, '2020-04-13 04:17:58', '2020-04-13 04:17:58'),
(989, 505, 2, 2.0, '2020-04-13 04:17:58', '2020-04-13 04:17:58'),
(990, 505, 11, 4.0, '2020-04-13 04:17:58', '2020-04-13 04:17:58'),
(991, 505, 12, 6.0, '2020-04-13 04:17:58', '2020-04-13 04:17:58'),
(992, 506, 7, 6.0, '2020-04-13 04:17:59', '2020-04-13 04:17:59'),
(993, 507, 11, 2.0, '2020-04-13 04:17:59', '2020-04-13 04:17:59'),
(994, 507, 13, 1.0, '2020-04-13 04:17:59', '2020-04-13 04:17:59'),
(995, 507, 18, 7.0, '2020-04-13 04:17:59', '2020-04-13 04:17:59'),
(996, 508, 11, 2.0, '2020-04-13 04:17:59', '2020-04-13 04:17:59'),
(997, 508, 17, 2.0, '2020-04-13 04:17:59', '2020-04-13 04:17:59'),
(998, 509, 16, 7.0, '2020-04-13 04:17:59', '2020-04-13 04:17:59'),
(999, 509, 18, 7.0, '2020-04-13 04:17:59', '2020-04-13 04:17:59'),
(1000, 509, 14, 7.0, '2020-04-13 04:18:00', '2020-04-13 04:18:00'),
(1001, 510, 11, 6.0, '2020-04-13 04:18:00', '2020-04-13 04:18:00'),
(1002, 510, 1, 1.0, '2020-04-13 04:18:00', '2020-04-13 04:18:00'),
(1003, 511, 10, 8.0, '2020-04-13 04:18:00', '2020-04-13 04:18:00'),
(1004, 512, 9, 7.0, '2020-04-13 04:18:00', '2020-04-13 04:18:00'),
(1005, 513, 9, 6.0, '2020-04-13 04:18:00', '2020-04-13 04:18:00'),
(1006, 513, 13, 6.0, '2020-04-13 04:18:01', '2020-04-13 04:18:01'),
(1007, 514, 8, 7.0, '2020-04-13 04:18:01', '2020-04-13 04:18:01'),
(1008, 515, 2, 3.0, '2020-04-13 04:18:01', '2020-04-13 04:18:01'),
(1009, 516, 17, 10.0, '2020-04-13 04:18:01', '2020-04-13 04:18:01'),
(1010, 517, 1, 3.0, '2020-04-13 04:18:01', '2020-04-13 04:18:01'),
(1011, 518, 16, 9.0, '2020-04-13 04:18:01', '2020-04-13 04:18:01'),
(1012, 519, 9, 2.0, '2020-04-13 04:18:01', '2020-04-13 04:18:01'),
(1013, 520, 1, 4.0, '2020-04-13 04:18:01', '2020-04-13 04:18:01'),
(1014, 521, 18, 4.0, '2020-04-13 04:18:01', '2020-04-13 04:18:01'),
(1015, 521, 6, 6.0, '2020-04-13 04:18:01', '2020-04-13 04:18:01'),
(1016, 522, 17, 7.0, '2020-04-13 04:18:02', '2020-04-13 04:18:02'),
(1017, 522, 15, 4.0, '2020-04-13 04:18:02', '2020-04-13 04:18:02'),
(1018, 523, 5, 10.0, '2020-04-13 04:18:02', '2020-04-13 04:18:02'),
(1019, 523, 2, 5.0, '2020-04-13 04:18:02', '2020-04-13 04:18:02'),
(1020, 523, 14, 10.0, '2020-04-13 04:18:02', '2020-04-13 04:18:02'),
(1021, 524, 13, 6.0, '2020-04-13 04:18:02', '2020-04-13 04:18:02'),
(1022, 525, 10, 5.0, '2020-04-13 04:18:02', '2020-04-13 04:18:02'),
(1023, 525, 9, 6.0, '2020-04-13 04:18:02', '2020-04-13 04:18:02'),
(1024, 525, 14, 7.0, '2020-04-13 04:18:02', '2020-04-13 04:18:02'),
(1025, 526, 18, 7.0, '2020-04-13 04:18:02', '2020-04-13 04:18:02'),
(1026, 526, 20, 2.0, '2020-04-13 04:18:02', '2020-04-13 04:18:02'),
(1027, 527, 7, 7.0, '2020-04-13 04:18:03', '2020-04-13 04:18:03'),
(1028, 528, 13, 2.0, '2020-04-13 04:18:03', '2020-04-13 04:18:03'),
(1029, 528, 5, 2.0, '2020-04-13 04:18:03', '2020-04-13 04:18:03'),
(1030, 528, 7, 4.0, '2020-04-13 04:18:03', '2020-04-13 04:18:03'),
(1031, 529, 12, 4.0, '2020-04-13 04:18:03', '2020-04-13 04:18:03'),
(1032, 530, 6, 7.0, '2020-04-13 04:18:03', '2020-04-13 04:18:03'),
(1033, 530, 15, 9.0, '2020-04-13 04:18:03', '2020-04-13 04:18:03'),
(1034, 530, 12, 3.0, '2020-04-13 04:18:03', '2020-04-13 04:18:03'),
(1035, 531, 20, 5.0, '2020-04-13 04:18:04', '2020-04-13 04:18:04'),
(1036, 531, 9, 1.0, '2020-04-13 04:18:04', '2020-04-13 04:18:04'),
(1037, 531, 19, 6.0, '2020-04-13 04:18:04', '2020-04-13 04:18:04'),
(1038, 532, 13, 5.0, '2020-04-13 04:18:04', '2020-04-13 04:18:04'),
(1039, 533, 7, 3.0, '2020-04-13 04:18:04', '2020-04-13 04:18:04'),
(1040, 533, 16, 9.0, '2020-04-13 04:18:04', '2020-04-13 04:18:04'),
(1041, 533, 5, 7.0, '2020-04-13 04:18:04', '2020-04-13 04:18:04'),
(1042, 534, 11, 4.0, '2020-04-13 04:18:04', '2020-04-13 04:18:04'),
(1043, 535, 10, 5.0, '2020-04-13 04:18:04', '2020-04-13 04:18:04'),
(1044, 535, 4, 1.0, '2020-04-13 04:18:04', '2020-04-13 04:18:04'),
(1045, 535, 12, 9.0, '2020-04-13 04:18:05', '2020-04-13 04:18:05'),
(1046, 536, 5, 4.0, '2020-04-13 04:18:05', '2020-04-13 04:18:05'),
(1047, 536, 12, 10.0, '2020-04-13 04:18:05', '2020-04-13 04:18:05'),
(1048, 536, 20, 2.0, '2020-04-13 04:18:05', '2020-04-13 04:18:05'),
(1049, 537, 13, 7.0, '2020-04-13 04:18:05', '2020-04-13 04:18:05'),
(1050, 537, 16, 6.0, '2020-04-13 04:18:05', '2020-04-13 04:18:05'),
(1051, 537, 10, 2.0, '2020-04-13 04:18:05', '2020-04-13 04:18:05'),
(1052, 538, 18, 7.0, '2020-04-13 04:18:06', '2020-04-13 04:18:06'),
(1053, 538, 17, 4.0, '2020-04-13 04:18:06', '2020-04-13 04:18:06'),
(1054, 538, 2, 7.0, '2020-04-13 04:18:06', '2020-04-13 04:18:06'),
(1055, 539, 19, 4.0, '2020-04-13 04:18:06', '2020-04-13 04:18:06'),
(1056, 539, 7, 3.0, '2020-04-13 04:18:06', '2020-04-13 04:18:06'),
(1057, 539, 17, 2.0, '2020-04-13 04:18:06', '2020-04-13 04:18:06'),
(1058, 540, 20, 7.0, '2020-04-13 04:18:06', '2020-04-13 04:18:06'),
(1059, 541, 14, 5.0, '2020-04-13 04:18:06', '2020-04-13 04:18:06'),
(1060, 542, 19, 9.0, '2020-04-13 04:18:07', '2020-04-13 04:18:07'),
(1061, 543, 1, 4.0, '2020-04-13 04:18:07', '2020-04-13 04:18:07'),
(1062, 544, 16, 4.0, '2020-04-13 04:18:07', '2020-04-13 04:18:07'),
(1063, 545, 13, 9.0, '2020-04-13 04:18:07', '2020-04-13 04:18:07'),
(1064, 545, 5, 6.0, '2020-04-13 04:18:07', '2020-04-13 04:18:07'),
(1065, 546, 13, 10.0, '2020-04-13 04:18:07', '2020-04-13 04:18:07'),
(1066, 546, 17, 4.0, '2020-04-13 04:18:07', '2020-04-13 04:18:07'),
(1067, 547, 18, 3.0, '2020-04-13 04:18:07', '2020-04-13 04:18:07'),
(1068, 547, 19, 6.0, '2020-04-13 04:18:07', '2020-04-13 04:18:07'),
(1069, 548, 4, 4.0, '2020-04-13 04:18:08', '2020-04-13 04:18:08'),
(1070, 548, 15, 3.0, '2020-04-13 04:18:08', '2020-04-13 04:18:08'),
(1071, 548, 6, 8.0, '2020-04-13 04:18:08', '2020-04-13 04:18:08'),
(1072, 549, 2, 3.0, '2020-04-13 04:18:08', '2020-04-13 04:18:08'),
(1073, 549, 4, 3.0, '2020-04-13 04:18:08', '2020-04-13 04:18:08'),
(1074, 550, 3, 9.0, '2020-04-13 04:18:08', '2020-04-13 04:18:08'),
(1075, 550, 8, 10.0, '2020-04-13 04:18:08', '2020-04-13 04:18:08'),
(1076, 551, 1, 1.0, '2020-04-13 04:18:09', '2020-04-13 04:18:09'),
(1077, 552, 3, 7.0, '2020-04-13 04:18:09', '2020-04-13 04:18:09'),
(1078, 553, 11, 8.0, '2020-04-13 04:18:09', '2020-04-13 04:18:09'),
(1079, 553, 6, 4.0, '2020-04-13 04:18:09', '2020-04-13 04:18:09'),
(1080, 554, 5, 1.0, '2020-04-13 04:18:09', '2020-04-13 04:18:09'),
(1081, 554, 8, 3.0, '2020-04-13 04:18:09', '2020-04-13 04:18:09'),
(1082, 554, 13, 5.0, '2020-04-13 04:18:09', '2020-04-13 04:18:09'),
(1083, 555, 2, 9.0, '2020-04-13 04:18:10', '2020-04-13 04:18:10'),
(1084, 555, 3, 4.0, '2020-04-13 04:18:10', '2020-04-13 04:18:10'),
(1085, 555, 14, 4.0, '2020-04-13 04:18:10', '2020-04-13 04:18:10'),
(1086, 556, 17, 10.0, '2020-04-13 04:18:10', '2020-04-13 04:18:10'),
(1087, 557, 7, 10.0, '2020-04-13 04:18:10', '2020-04-13 04:18:10'),
(1088, 558, 20, 8.0, '2020-04-13 04:18:10', '2020-04-13 04:18:10'),
(1089, 558, 5, 10.0, '2020-04-13 04:18:10', '2020-04-13 04:18:10'),
(1090, 558, 2, 1.0, '2020-04-13 04:18:11', '2020-04-13 04:18:11'),
(1091, 559, 2, 5.0, '2020-04-13 04:18:11', '2020-04-13 04:18:11'),
(1092, 559, 10, 7.0, '2020-04-13 04:18:11', '2020-04-13 04:18:11'),
(1093, 559, 1, 6.0, '2020-04-13 04:18:11', '2020-04-13 04:18:11'),
(1094, 560, 8, 8.0, '2020-04-13 04:18:11', '2020-04-13 04:18:11'),
(1095, 560, 12, 5.0, '2020-04-13 04:18:11', '2020-04-13 04:18:11'),
(1096, 560, 9, 5.0, '2020-04-13 04:18:11', '2020-04-13 04:18:11'),
(1097, 561, 11, 3.0, '2020-04-13 04:18:11', '2020-04-13 04:18:11'),
(1098, 561, 14, 4.0, '2020-04-13 04:18:11', '2020-04-13 04:18:11'),
(1099, 561, 6, 10.0, '2020-04-13 04:18:12', '2020-04-13 04:18:12'),
(1100, 562, 9, 10.0, '2020-04-13 04:18:12', '2020-04-13 04:18:12'),
(1101, 562, 6, 1.0, '2020-04-13 04:18:12', '2020-04-13 04:18:12'),
(1102, 562, 20, 5.0, '2020-04-13 04:18:12', '2020-04-13 04:18:12'),
(1103, 563, 12, 1.0, '2020-04-13 04:18:12', '2020-04-13 04:18:12'),
(1104, 563, 9, 4.0, '2020-04-13 04:18:13', '2020-04-13 04:18:13'),
(1105, 563, 15, 1.0, '2020-04-13 04:18:13', '2020-04-13 04:18:13'),
(1106, 564, 6, 9.0, '2020-04-13 04:18:13', '2020-04-13 04:18:13'),
(1107, 564, 9, 7.0, '2020-04-13 04:18:13', '2020-04-13 04:18:13'),
(1108, 565, 13, 4.0, '2020-04-13 04:18:13', '2020-04-13 04:18:13'),
(1109, 565, 14, 5.0, '2020-04-13 04:18:13', '2020-04-13 04:18:13'),
(1110, 566, 5, 5.0, '2020-04-13 04:18:13', '2020-04-13 04:18:13'),
(1111, 567, 4, 7.0, '2020-04-13 04:18:13', '2020-04-13 04:18:13'),
(1112, 567, 2, 7.0, '2020-04-13 04:18:13', '2020-04-13 04:18:13'),
(1113, 567, 11, 2.0, '2020-04-13 04:18:13', '2020-04-13 04:18:13'),
(1114, 568, 13, 4.0, '2020-04-13 04:18:13', '2020-04-13 04:18:13'),
(1115, 568, 11, 9.0, '2020-04-13 04:18:13', '2020-04-13 04:18:13'),
(1116, 569, 9, 9.0, '2020-04-13 04:18:14', '2020-04-13 04:18:14'),
(1117, 570, 15, 2.0, '2020-04-13 04:18:14', '2020-04-13 04:18:14'),
(1118, 571, 8, 1.0, '2020-04-13 04:18:14', '2020-04-13 04:18:14'),
(1119, 571, 3, 5.0, '2020-04-13 04:18:14', '2020-04-13 04:18:14'),
(1120, 572, 18, 4.0, '2020-04-13 04:18:14', '2020-04-13 04:18:14'),
(1121, 573, 12, 1.0, '2020-04-13 04:18:14', '2020-04-13 04:18:14'),
(1122, 573, 1, 7.0, '2020-04-13 04:18:14', '2020-04-13 04:18:14'),
(1123, 574, 11, 5.0, '2020-04-13 04:18:14', '2020-04-13 04:18:14'),
(1124, 574, 3, 4.0, '2020-04-13 04:18:14', '2020-04-13 04:18:14'),
(1125, 575, 1, 10.0, '2020-04-13 04:18:14', '2020-04-13 04:18:14'),
(1126, 575, 5, 7.0, '2020-04-13 04:18:14', '2020-04-13 04:18:14'),
(1127, 576, 9, 4.0, '2020-04-13 04:18:14', '2020-04-13 04:18:14'),
(1128, 577, 18, 9.0, '2020-04-13 04:18:15', '2020-04-13 04:18:15'),
(1129, 577, 20, 6.0, '2020-04-13 04:18:15', '2020-04-13 04:18:15'),
(1130, 577, 16, 10.0, '2020-04-13 04:18:15', '2020-04-13 04:18:15'),
(1131, 578, 11, 9.0, '2020-04-13 04:18:15', '2020-04-13 04:18:15'),
(1132, 579, 19, 1.0, '2020-04-13 04:18:15', '2020-04-13 04:18:15'),
(1133, 580, 2, 4.0, '2020-04-13 04:18:15', '2020-04-13 04:18:15'),
(1134, 580, 20, 1.0, '2020-04-13 04:18:15', '2020-04-13 04:18:15'),
(1135, 580, 19, 1.0, '2020-04-13 04:18:16', '2020-04-13 04:18:16'),
(1136, 581, 9, 2.0, '2020-04-13 04:18:16', '2020-04-13 04:18:16'),
(1137, 581, 6, 7.0, '2020-04-13 04:18:16', '2020-04-13 04:18:16'),
(1138, 582, 19, 1.0, '2020-04-13 04:18:16', '2020-04-13 04:18:16'),
(1139, 583, 5, 7.0, '2020-04-13 04:18:16', '2020-04-13 04:18:16'),
(1140, 583, 8, 4.0, '2020-04-13 04:18:16', '2020-04-13 04:18:16'),
(1141, 583, 14, 10.0, '2020-04-13 04:18:16', '2020-04-13 04:18:16'),
(1142, 584, 19, 10.0, '2020-04-13 04:18:16', '2020-04-13 04:18:16'),
(1143, 585, 8, 4.0, '2020-04-13 04:18:16', '2020-04-13 04:18:16'),
(1144, 586, 5, 8.0, '2020-04-13 04:18:16', '2020-04-13 04:18:16'),
(1145, 587, 7, 3.0, '2020-04-13 04:18:17', '2020-04-13 04:18:17'),
(1146, 587, 9, 9.0, '2020-04-13 04:18:17', '2020-04-13 04:18:17'),
(1147, 587, 2, 9.0, '2020-04-13 04:18:17', '2020-04-13 04:18:17'),
(1148, 588, 18, 9.0, '2020-04-13 04:18:17', '2020-04-13 04:18:17'),
(1149, 589, 8, 9.0, '2020-04-13 04:18:17', '2020-04-13 04:18:17'),
(1150, 589, 2, 7.0, '2020-04-13 04:18:17', '2020-04-13 04:18:17'),
(1151, 589, 1, 9.0, '2020-04-13 04:18:17', '2020-04-13 04:18:17'),
(1152, 590, 3, 10.0, '2020-04-13 04:18:18', '2020-04-13 04:18:18'),
(1153, 590, 9, 9.0, '2020-04-13 04:18:18', '2020-04-13 04:18:18'),
(1154, 591, 16, 5.0, '2020-04-13 04:18:18', '2020-04-13 04:18:18'),
(1155, 592, 6, 1.0, '2020-04-13 04:18:18', '2020-04-13 04:18:18'),
(1156, 593, 13, 1.0, '2020-04-13 04:18:18', '2020-04-13 04:18:18'),
(1157, 593, 15, 2.0, '2020-04-13 04:18:18', '2020-04-13 04:18:18'),
(1158, 593, 11, 3.0, '2020-04-13 04:18:18', '2020-04-13 04:18:18'),
(1159, 594, 13, 1.0, '2020-04-13 04:18:18', '2020-04-13 04:18:18'),
(1160, 594, 10, 4.0, '2020-04-13 04:18:18', '2020-04-13 04:18:18'),
(1161, 595, 12, 6.0, '2020-04-13 04:18:19', '2020-04-13 04:18:19'),
(1162, 595, 13, 6.0, '2020-04-13 04:18:19', '2020-04-13 04:18:19'),
(1163, 595, 5, 8.0, '2020-04-13 04:18:19', '2020-04-13 04:18:19'),
(1164, 596, 10, 3.0, '2020-04-13 04:18:20', '2020-04-13 04:18:20'),
(1165, 596, 4, 5.0, '2020-04-13 04:18:20', '2020-04-13 04:18:20'),
(1166, 596, 11, 7.0, '2020-04-13 04:18:20', '2020-04-13 04:18:20'),
(1167, 597, 10, 3.0, '2020-04-13 04:18:20', '2020-04-13 04:18:20'),
(1168, 597, 18, 2.0, '2020-04-13 04:18:20', '2020-04-13 04:18:20'),
(1169, 597, 4, 4.0, '2020-04-13 04:18:21', '2020-04-13 04:18:21'),
(1170, 598, 7, 10.0, '2020-04-13 04:18:21', '2020-04-13 04:18:21'),
(1171, 599, 4, 2.0, '2020-04-13 04:18:21', '2020-04-13 04:18:21'),
(1172, 600, 4, 1.0, '2020-04-13 04:18:21', '2020-04-13 04:18:21'),
(1173, 600, 7, 3.0, '2020-04-13 04:18:21', '2020-04-13 04:18:21'),
(1174, 601, 12, 10.0, '2020-04-13 04:18:21', '2020-04-13 04:18:21');

-- --------------------------------------------------------

--
-- Table structure for table `password_resets`
--

CREATE TABLE `password_resets` (
  `email` varchar(255) COLLATE utf8mb4_unicode_ci NOT NULL,
  `token` varchar(255) COLLATE utf8mb4_unicode_ci NOT NULL,
  `created_at` timestamp NULL DEFAULT NULL
) ENGINE=InnoDB DEFAULT CHARSET=utf8mb4 COLLATE=utf8mb4_unicode_ci;

-- --------------------------------------------------------

--
-- Table structure for table `permissions`
--

CREATE TABLE `permissions` (
  `id` bigint(20) UNSIGNED NOT NULL,
  `ability_id` bigint(20) UNSIGNED NOT NULL,
  `entity_id` bigint(20) UNSIGNED DEFAULT NULL,
  `entity_type` varchar(255) COLLATE utf8mb4_unicode_ci DEFAULT NULL,
  `forbidden` tinyint(1) NOT NULL DEFAULT '0',
  `scope` int(11) DEFAULT NULL
) ENGINE=InnoDB DEFAULT CHARSET=utf8mb4 COLLATE=utf8mb4_unicode_ci;

--
-- Dumping data for table `permissions`
--

INSERT INTO `permissions` (`id`, `ability_id`, `entity_id`, `entity_type`, `forbidden`, `scope`) VALUES
(1, 1, 1, 'roles', 0, NULL),
(2, 2, 1, 'roles', 0, NULL),
(3, 3, 1, 'roles', 0, NULL),
(4, 4, 1, 'roles', 0, NULL),
(5, 3, 2, 'roles', 0, NULL),
(6, 4, 2, 'roles', 0, NULL),
(7, 2, 3, 'roles', 0, NULL),
(8, 1, 3, 'roles', 0, NULL);

-- --------------------------------------------------------

--
-- Table structure for table `products`
--

CREATE TABLE `products` (
  `id` bigint(20) UNSIGNED NOT NULL,
  `name` varchar(100) COLLATE utf8mb4_unicode_ci NOT NULL,
  `price` double(8,2) NOT NULL,
  `in_stock` tinyint(4) NOT NULL,
  `created_at` timestamp NULL DEFAULT NULL,
  `updated_at` timestamp NULL DEFAULT NULL
) ENGINE=InnoDB DEFAULT CHARSET=utf8mb4 COLLATE=utf8mb4_unicode_ci;

--
-- Dumping data for table `products`
--

INSERT INTO `products` (`id`, `name`, `price`, `in_stock`, `created_at`, `updated_at`) VALUES
(1, 'assumenda', 620.77, 1, '2020-04-13 03:12:14', '2020-04-13 03:12:14'),
(2, 'ut', 850.73, 0, '2020-04-13 03:12:15', '2020-04-13 03:12:15'),
(3, 'fugiat', 382.65, 0, '2020-04-13 03:12:15', '2020-04-13 03:12:15'),
(4, 'commodi', 415.14, 1, '2020-04-13 03:12:15', '2020-04-13 03:12:15'),
(5, 'minima', 936.69, 1, '2020-04-13 03:12:15', '2020-04-13 03:12:15'),
(6, 'ea', 882.99, 1, '2020-04-13 03:12:15', '2020-04-13 03:12:15'),
(7, 'architecto', 605.15, 0, '2020-04-13 03:12:15', '2020-04-13 03:12:15'),
(8, 'cum', 223.68, 1, '2020-04-13 03:12:15', '2020-04-13 03:12:15'),
(9, 'dolorem', 708.96, 1, '2020-04-13 03:12:15', '2020-04-13 03:12:15'),
(10, 'porro', 295.11, 0, '2020-04-13 03:12:15', '2020-04-13 03:12:15'),
(11, 'optio', 866.19, 1, '2020-04-13 03:12:15', '2020-04-13 03:12:15'),
(12, 'quae', 360.58, 1, '2020-04-13 03:12:15', '2020-04-13 03:12:15'),
(13, 'non', 260.41, 1, '2020-04-13 03:12:15', '2020-04-13 03:12:15'),
(14, 'ratione', 184.79, 0, '2020-04-13 03:12:15', '2020-04-13 03:12:15'),
(15, 'asperiores', 699.42, 1, '2020-04-13 03:12:15', '2020-04-13 03:12:15'),
(16, 'suscipit', 466.01, 0, '2020-04-13 03:12:15', '2020-04-13 03:12:15'),
(17, 'eligendi', 727.75, 1, '2020-04-13 03:12:15', '2020-04-13 03:12:15'),
(18, 'numquam', 216.00, 1, '2020-04-13 03:12:15', '2020-04-13 03:12:15'),
(19, 'deserunt', 147.66, 1, '2020-04-13 03:12:15', '2020-04-13 03:12:15'),
(20, 'sunt', 203.44, 1, '2020-04-13 03:12:15', '2020-04-13 03:12:15'),
(21, 'distinctio', 660.90, 0, '2020-04-13 05:32:58', '2020-04-13 05:32:58'),
(22, 'a', 352.77, 1, '2020-04-13 05:32:58', '2020-04-13 05:32:58'),
(23, 'enim', 905.05, 0, '2020-04-13 05:32:58', '2020-04-13 05:32:58'),
(24, 'saepe', 25.36, 1, '2020-04-13 05:32:58', '2020-04-13 05:32:58'),
(25, 'labore', 572.33, 1, '2020-04-13 05:32:58', '2020-04-13 05:32:58'),
(26, 'nam', 18.92, 0, '2020-04-13 05:32:58', '2020-04-13 05:32:58'),
(27, 'unde', 847.47, 1, '2020-04-13 05:32:58', '2020-04-13 05:32:58'),
(28, 'exercitationem', 608.34, 1, '2020-04-13 05:32:58', '2020-04-13 05:32:58'),
(29, 'consequuntur', 868.47, 0, '2020-04-13 05:32:58', '2020-04-13 05:32:58'),
(30, 'culpa', 753.90, 1, '2020-04-13 05:32:58', '2020-04-13 05:32:58'),
(31, 'facere', 386.57, 0, '2020-04-13 05:32:59', '2020-04-13 05:32:59'),
(32, 'voluptate', 476.33, 1, '2020-04-13 05:32:59', '2020-04-13 05:32:59'),
(33, 'officiis', 515.88, 0, '2020-04-13 05:32:59', '2020-04-13 05:32:59'),
(34, 'in', 495.87, 1, '2020-04-13 05:32:59', '2020-04-13 05:32:59'),
(35, 'esse', 327.36, 1, '2020-04-13 05:32:59', '2020-04-13 05:32:59'),
(36, 'magnam', 567.84, 1, '2020-04-13 05:32:59', '2020-04-13 05:32:59'),
(37, 'soluta', 371.14, 0, '2020-04-13 05:32:59', '2020-04-13 05:32:59'),
(38, 'excepturi', 22.36, 0, '2020-04-13 05:32:59', '2020-04-13 05:32:59'),
(39, 'minus', 245.66, 0, '2020-04-13 05:32:59', '2020-04-13 05:32:59'),
(40, 'voluptas', 664.71, 1, '2020-04-13 05:32:59', '2020-04-13 05:32:59'),
(41, 'sunt', 394.72, 1, '2020-04-13 05:32:59', '2020-04-13 05:32:59'),
(42, 'molestiae', 49.29, 1, '2020-04-13 05:32:59', '2020-04-13 05:32:59'),
(43, 'aut', 496.72, 0, '2020-04-13 05:32:59', '2020-04-13 05:32:59'),
(44, 'quod', 697.09, 0, '2020-04-13 05:32:59', '2020-04-13 05:32:59'),
(45, 'neque', 435.97, 1, '2020-04-13 05:32:59', '2020-04-13 05:32:59'),
(46, 'et', 371.02, 1, '2020-04-13 05:32:59', '2020-04-13 05:32:59'),
(47, 'assumenda', 756.73, 0, '2020-04-13 05:32:59', '2020-04-13 05:32:59'),
(48, 'eum', 729.51, 1, '2020-04-13 05:32:59', '2020-04-13 05:32:59'),
(49, 'repellendus', 941.27, 0, '2020-04-13 05:32:59', '2020-04-13 05:32:59'),
(50, 'ut', 578.07, 0, '2020-04-13 05:32:59', '2020-04-13 05:32:59'),
(51, 'velit', 827.12, 0, '2020-04-13 05:32:59', '2020-04-13 05:32:59'),
(52, 'tempora', 62.76, 1, '2020-04-13 05:33:00', '2020-04-13 05:33:00'),
(53, 'magni', 6.82, 1, '2020-04-13 05:33:00', '2020-04-13 05:33:00'),
(54, 'ipsa', 232.86, 0, '2020-04-13 05:33:00', '2020-04-13 05:33:00'),
(55, 'doloremque', 717.89, 0, '2020-04-13 05:33:00', '2020-04-13 05:33:00'),
(56, 'dignissimos', 592.34, 0, '2020-04-13 05:33:00', '2020-04-13 05:33:00'),
(57, 'qui', 636.59, 0, '2020-04-13 05:33:00', '2020-04-13 05:33:00'),
(58, 'voluptates', 553.77, 1, '2020-04-13 05:33:00', '2020-04-13 05:33:00'),
(59, 'quasi', 548.37, 1, '2020-04-13 05:33:00', '2020-04-13 05:33:00'),
(60, 'ex', 531.64, 0, '2020-04-13 05:33:00', '2020-04-13 05:33:00'),
(61, 'corporis', 394.82, 1, '2020-04-13 05:33:00', '2020-04-13 05:33:00'),
(62, 'sint', 413.51, 0, '2020-04-13 05:33:00', '2020-04-13 05:33:00'),
(63, 'id', 137.19, 1, '2020-04-13 05:33:00', '2020-04-13 05:33:00'),
(64, 'est', 221.26, 0, '2020-04-13 05:33:00', '2020-04-13 05:33:00'),
(65, 'tempore', 379.80, 0, '2020-04-13 05:33:00', '2020-04-13 05:33:00'),
(66, 'eaque', 837.26, 0, '2020-04-13 05:33:00', '2020-04-13 05:33:00'),
(67, 'iste', 367.21, 0, '2020-04-13 05:33:01', '2020-04-13 05:33:01'),
(68, 'cumque', 1.27, 0, '2020-04-13 05:33:01', '2020-04-13 05:33:01'),
(69, 'incidunt', 282.29, 1, '2020-04-13 05:33:01', '2020-04-13 05:33:01'),
(70, 'consequatur', 646.64, 1, '2020-04-13 05:33:01', '2020-04-13 05:33:01'),
(71, 'dolores', 705.00, 1, '2020-04-13 05:33:01', '2020-04-13 05:33:01'),
(72, 'inventore', 185.25, 0, '2020-04-13 05:33:01', '2020-04-13 05:33:01'),
(73, 'voluptatem', 122.63, 0, '2020-04-13 05:33:01', '2020-04-13 05:33:01'),
(74, 'atque', 155.09, 0, '2020-04-13 05:33:01', '2020-04-13 05:33:01'),
(75, 'dolorem', 375.19, 0, '2020-04-13 05:33:01', '2020-04-13 05:33:01'),
(76, 'dolorum', 326.12, 1, '2020-04-13 05:33:01', '2020-04-13 05:33:01'),
(77, 'delectus', 557.94, 0, '2020-04-13 05:33:01', '2020-04-13 05:33:01'),
(78, 'mollitia', 637.45, 0, '2020-04-13 05:33:01', '2020-04-13 05:33:01'),
(79, 'ea', 155.48, 1, '2020-04-13 05:33:01', '2020-04-13 05:33:01'),
(80, 'omnis', 704.49, 0, '2020-04-13 05:33:01', '2020-04-13 05:33:01'),
(81, 'odit', 922.62, 1, '2020-04-13 05:33:01', '2020-04-13 05:33:01'),
(82, 'totam', 74.88, 1, '2020-04-13 05:33:01', '2020-04-13 05:33:01'),
(83, 'nisi', 622.32, 0, '2020-04-13 05:33:01', '2020-04-13 05:33:01'),
(84, 'eos', 531.62, 0, '2020-04-13 05:33:01', '2020-04-13 05:33:01'),
(85, 'aliquid', 284.67, 0, '2020-04-13 05:33:01', '2020-04-13 05:33:01'),
(86, 'fugit', 131.80, 1, '2020-04-13 05:33:01', '2020-04-13 05:33:01'),
(87, 'sit', 535.93, 0, '2020-04-13 05:33:02', '2020-04-13 05:33:02'),
(88, 'earum', 384.03, 0, '2020-04-13 05:33:02', '2020-04-13 05:33:02'),
(89, 'veritatis', 392.77, 0, '2020-04-13 05:33:02', '2020-04-13 05:33:02'),
(90, 'possimus', 369.01, 0, '2020-04-13 05:33:02', '2020-04-13 05:33:02'),
(91, 'dicta', 202.29, 0, '2020-04-13 05:33:02', '2020-04-13 05:33:02'),
(92, 'necessitatibus', 423.88, 1, '2020-04-13 05:33:02', '2020-04-13 05:33:02'),
(93, 'libero', 196.88, 0, '2020-04-13 05:33:02', '2020-04-13 05:33:02'),
(94, 'illum', 34.47, 0, '2020-04-13 05:33:02', '2020-04-13 05:33:02'),
(95, 'iure', 622.78, 0, '2020-04-13 05:33:02', '2020-04-13 05:33:02'),
(96, 'vel', 704.94, 1, '2020-04-13 05:33:02', '2020-04-13 05:33:02'),
(97, 'animi', 285.90, 1, '2020-04-13 05:33:02', '2020-04-13 05:33:02'),
(98, 'autem', 443.32, 1, '2020-04-13 05:33:02', '2020-04-13 05:33:02'),
(99, 'occaecati', 833.12, 1, '2020-04-13 05:33:02', '2020-04-13 05:33:02'),
(100, 'eligendi', 94.95, 1, '2020-04-13 05:33:02', '2020-04-13 05:33:02');

-- --------------------------------------------------------

--
-- Table structure for table `roles`
--

CREATE TABLE `roles` (
  `id` bigint(20) UNSIGNED NOT NULL,
  `name` varchar(255) COLLATE utf8mb4_unicode_ci NOT NULL,
  `title` varchar(255) COLLATE utf8mb4_unicode_ci DEFAULT NULL,
  `level` int(10) UNSIGNED DEFAULT NULL,
  `scope` int(11) DEFAULT NULL,
  `created_at` timestamp NULL DEFAULT NULL,
  `updated_at` timestamp NULL DEFAULT NULL
) ENGINE=InnoDB DEFAULT CHARSET=utf8mb4 COLLATE=utf8mb4_unicode_ci;

--
-- Dumping data for table `roles`
--

INSERT INTO `roles` (`id`, `name`, `title`, `level`, `scope`, `created_at`, `updated_at`) VALUES
(1, 'admin', 'Admin', NULL, NULL, '2020-04-13 05:17:01', '2020-04-13 05:17:01'),
(2, 'shop_manager', 'Shop manager', NULL, NULL, '2020-04-13 05:26:50', '2020-04-13 05:26:50'),
(3, 'user_manager', 'User manager', NULL, NULL, '2020-04-13 05:26:51', '2020-04-13 05:26:51');

-- --------------------------------------------------------

--
-- Table structure for table `users`
--

CREATE TABLE `users` (
  `id` bigint(20) UNSIGNED NOT NULL,
  `name` varchar(255) COLLATE utf8mb4_unicode_ci NOT NULL,
  `email` varchar(255) COLLATE utf8mb4_unicode_ci NOT NULL,
  `email_verified_at` timestamp NULL DEFAULT NULL,
  `password` varchar(255) COLLATE utf8mb4_unicode_ci NOT NULL,
  `remember_token` varchar(100) COLLATE utf8mb4_unicode_ci DEFAULT NULL,
  `created_at` timestamp NULL DEFAULT NULL,
  `updated_at` timestamp NULL DEFAULT NULL
) ENGINE=InnoDB DEFAULT CHARSET=utf8mb4 COLLATE=utf8mb4_unicode_ci;

--
-- Dumping data for table `users`
--

INSERT INTO `users` (`id`, `name`, `email`, `email_verified_at`, `password`, `remember_token`, `created_at`, `updated_at`) VALUES
(1, 'Administrator', 'admin@example.com', NULL, '$2y$10$qX2oDVRGRtfpYkr0wNboxuiWDytewm0glpELWc7wWwFrcHFms4it.', NULL, '2020-04-12 07:06:50', '2020-04-12 07:06:50'),
(2, 'User Manager', 'user_manager@example.com', NULL, '$2y$10$21KuwOYgdiN8lcMmjDbFiO6jOytlU/lEKVn.klGu7Vx.Tt27E6qHu', NULL, '2020-04-12 07:07:46', '2020-04-12 07:07:46'),
(3, 'Shop Manager', 'shop_manager@example.com', NULL, '$2y$10$wz/iAPcY7/tvC1AwL3muYOpSLS4OjQ4elN7Kk34TL4UO80cmRVtni', NULL, '2020-04-13 05:22:43', '2020-04-13 05:22:43');

--
-- Indexes for dumped tables
--

--
-- Indexes for table `abilities`
--
ALTER TABLE `abilities`
  ADD PRIMARY KEY (`id`),
  ADD KEY `abilities_scope_index` (`scope`);

--
-- Indexes for table `activity_log`
--
ALTER TABLE `activity_log`
  ADD PRIMARY KEY (`id`),
  ADD KEY `activity_log_log_name_index` (`log_name`),
  ADD KEY `subject` (`subject_id`,`subject_type`),
  ADD KEY `causer` (`causer_id`,`causer_type`);

--
-- Indexes for table `assigned_roles`
--
ALTER TABLE `assigned_roles`
  ADD PRIMARY KEY (`id`),
  ADD KEY `assigned_roles_entity_index` (`entity_id`,`entity_type`,`scope`),
  ADD KEY `assigned_roles_role_id_index` (`role_id`),
  ADD KEY `assigned_roles_scope_index` (`scope`);

--
-- Indexes for table `customers`
--
ALTER TABLE `customers`
  ADD PRIMARY KEY (`id`);

--
-- Indexes for table `failed_jobs`
--
ALTER TABLE `failed_jobs`
  ADD PRIMARY KEY (`id`);

--
-- Indexes for table `migrations`
--
ALTER TABLE `migrations`
  ADD PRIMARY KEY (`id`);

--
-- Indexes for table `orders`
--
ALTER TABLE `orders`
  ADD PRIMARY KEY (`id`),
  ADD UNIQUE KEY `orders_invoice_number_unique` (`invoice_number`),
  ADD KEY `orders_customer_id_foreign` (`customer_id`);

--
-- Indexes for table `order_items`
--
ALTER TABLE `order_items`
  ADD PRIMARY KEY (`id`),
  ADD KEY `order_items_order_id_foreign` (`order_id`),
  ADD KEY `order_items_product_id_foreign` (`product_id`);

--
-- Indexes for table `password_resets`
--
ALTER TABLE `password_resets`
  ADD KEY `password_resets_email_index` (`email`);

--
-- Indexes for table `permissions`
--
ALTER TABLE `permissions`
  ADD PRIMARY KEY (`id`),
  ADD KEY `permissions_entity_index` (`entity_id`,`entity_type`,`scope`),
  ADD KEY `permissions_ability_id_index` (`ability_id`),
  ADD KEY `permissions_scope_index` (`scope`);

--
-- Indexes for table `products`
--
ALTER TABLE `products`
  ADD PRIMARY KEY (`id`);

--
-- Indexes for table `roles`
--
ALTER TABLE `roles`
  ADD PRIMARY KEY (`id`),
  ADD UNIQUE KEY `roles_name_unique` (`name`,`scope`),
  ADD KEY `roles_scope_index` (`scope`);

--
-- Indexes for table `users`
--
ALTER TABLE `users`
  ADD PRIMARY KEY (`id`),
  ADD UNIQUE KEY `users_email_unique` (`email`);

--
-- AUTO_INCREMENT for dumped tables
--

--
-- AUTO_INCREMENT for table `abilities`
--
ALTER TABLE `abilities`
  MODIFY `id` bigint(20) UNSIGNED NOT NULL AUTO_INCREMENT, AUTO_INCREMENT=5;
--
-- AUTO_INCREMENT for table `activity_log`
--
ALTER TABLE `activity_log`
  MODIFY `id` bigint(20) UNSIGNED NOT NULL AUTO_INCREMENT, AUTO_INCREMENT=5;
--
-- AUTO_INCREMENT for table `assigned_roles`
--
ALTER TABLE `assigned_roles`
  MODIFY `id` bigint(20) UNSIGNED NOT NULL AUTO_INCREMENT, AUTO_INCREMENT=4;
--
-- AUTO_INCREMENT for table `customers`
--
ALTER TABLE `customers`
  MODIFY `id` bigint(20) UNSIGNED NOT NULL AUTO_INCREMENT, AUTO_INCREMENT=402;
--
-- AUTO_INCREMENT for table `failed_jobs`
--
ALTER TABLE `failed_jobs`
  MODIFY `id` bigint(20) UNSIGNED NOT NULL AUTO_INCREMENT;
--
-- AUTO_INCREMENT for table `migrations`
--
ALTER TABLE `migrations`
  MODIFY `id` int(10) UNSIGNED NOT NULL AUTO_INCREMENT, AUTO_INCREMENT=10;
--
-- AUTO_INCREMENT for table `orders`
--
ALTER TABLE `orders`
  MODIFY `id` bigint(20) UNSIGNED NOT NULL AUTO_INCREMENT, AUTO_INCREMENT=602;
--
-- AUTO_INCREMENT for table `order_items`
--
ALTER TABLE `order_items`
  MODIFY `id` bigint(20) UNSIGNED NOT NULL AUTO_INCREMENT, AUTO_INCREMENT=1175;
--
-- AUTO_INCREMENT for table `permissions`
--
ALTER TABLE `permissions`
  MODIFY `id` bigint(20) UNSIGNED NOT NULL AUTO_INCREMENT, AUTO_INCREMENT=9;
--
-- AUTO_INCREMENT for table `products`
--
ALTER TABLE `products`
  MODIFY `id` bigint(20) UNSIGNED NOT NULL AUTO_INCREMENT, AUTO_INCREMENT=101;
--
-- AUTO_INCREMENT for table `roles`
--
ALTER TABLE `roles`
  MODIFY `id` bigint(20) UNSIGNED NOT NULL AUTO_INCREMENT, AUTO_INCREMENT=4;
--
-- AUTO_INCREMENT for table `users`
--
ALTER TABLE `users`
  MODIFY `id` bigint(20) UNSIGNED NOT NULL AUTO_INCREMENT, AUTO_INCREMENT=4;
--
-- Constraints for dumped tables
--

--
-- Constraints for table `assigned_roles`
--
ALTER TABLE `assigned_roles`
  ADD CONSTRAINT `assigned_roles_role_id_foreign` FOREIGN KEY (`role_id`) REFERENCES `roles` (`id`) ON DELETE CASCADE ON UPDATE CASCADE;

--
-- Constraints for table `orders`
--
ALTER TABLE `orders`
  ADD CONSTRAINT `orders_customer_id_foreign` FOREIGN KEY (`customer_id`) REFERENCES `customers` (`id`);

--
-- Constraints for table `order_items`
--
ALTER TABLE `order_items`
  ADD CONSTRAINT `order_items_order_id_foreign` FOREIGN KEY (`order_id`) REFERENCES `orders` (`id`),
  ADD CONSTRAINT `order_items_product_id_foreign` FOREIGN KEY (`product_id`) REFERENCES `products` (`id`);

--
-- Constraints for table `permissions`
--
ALTER TABLE `permissions`
  ADD CONSTRAINT `permissions_ability_id_foreign` FOREIGN KEY (`ability_id`) REFERENCES `abilities` (`id`) ON DELETE CASCADE ON UPDATE CASCADE;

/*!40101 SET CHARACTER_SET_CLIENT=@OLD_CHARACTER_SET_CLIENT */;
/*!40101 SET CHARACTER_SET_RESULTS=@OLD_CHARACTER_SET_RESULTS */;
/*!40101 SET COLLATION_CONNECTION=@OLD_COLLATION_CONNECTION */;
